"Keyword Phrase","ABA Total Click Share","ABA Total Conv. Share","Keyword Sales","Cerebro IQ Score","Search Volume","Search Volume Trend","H10 PPC Sugg. Bid","H10 PPC Sugg. Min Bid","H10 PPC Sugg. Max Bid","Sponsored ASINs","Competing Products","CPR","Title Density","Organic","Sponsored Product","Amazon Recommended","Amazon Choice","Highly Rated","Sponsored Brand Header","Sponsored Brand Video","Top Rated From Our Brand","Trending Now","Sponsored Rank (avg)","Sponsored Rank (count)","Amazon Recommended Rank (avg)","Amazon Recommended Rank (count)","Position (Rank)","Relative Rank","Competitor Rank (avg)","Ranking Competitors (count)","Competitor Performance Score","B0C9PLML31","B0FD7KRCTX","B0FCRPVNTH","B0C7TMNBRB","B0D362RXWX","B0F87ZSDGS"
"dried strawberry slices",,,7,1096,355,-4,1.01,0.75,1.24,95,324,8,6,1,1,1,0,0,0,0,0,0,7,3,85,4,3,2,6,6,10,2,6,4,8,11,5
"freeze dried strawberry slices",38.3,33.3,24,2369,713,23,1.14,0.86,1.35,116,301,10,4,1,1,1,0,0,0,0,0,0,10,3,81,3,7,5,6.7,6,10,5,4,3,8,6,14
"freeze dried strawberries slices",42.9,33.3,12,1397,415,-18,1.1,0.77,1.34,119,297,8,2,1,1,0,0,0,0,0,0,0,6,3,0,0,5,4,6.8,6,10,2,4,3,6,16,10
"dehydrated strawberry slices",,,10,1042,250,"-",,,,24,240,8,4,1,1,1,0,0,0,0,0,0,21,2,191,5,38,7,8.7,6,10,4,20,9,3,2,14
"ruh roh freeze dried strawberry shortcake",,,"-",1538,100,-52,,,,0,65,8,0,1,0,0,0,0,0,0,0,0,0,0,0,0,33,5,14,4,8,"-","-",15,5,23,13
"frozen sliced strawberries",,,1,1867,323,-19,0.82,0.62,1.02,44,173,8,1,1,1,1,0,0,0,0,0,0,6,2,151,2,5,2,16.4,5,8,7,"-",16,1,49,9
"dehydrated strawberries sliced",,,"-",743,130,61,0.97,0.84,1.15,31,175,8,0,1,1,1,0,0,0,0,0,0,8,1,115,5,27,6,19.5,6,8,3,93,10,4,2,5
"sliced strawberries",46.1,60,1,2679,351,-13,1.45,1.12,1.82,39,131,8,8,1,1,1,0,0,0,0,0,0,2,2,218,1,7,2,21.2,5,8,3,"-",11,13,63,16
"dried strawberries 365",,,"-",1023,219,17,,,,4,214,8,0,1,0,0,0,0,0,0,0,0,0,0,0,0,79,6,23.8,5,8,5,"-",18,1,58,37
"dried strawberries",27.7,28.9,446,10504,8603,7,0.99,0.76,1.3,163,819,41,21,1,1,1,0,0,0,0,0,0,16,3,191,1,75,6,25.2,6,8,10,13,3,6,43,76
"free dried strawberries",,,"-",249,128,48,,,,101,514,8,0,1,0,1,0,0,0,0,0,0,0,0,74,5,41,5,25.5,6,8,5,51,47,1,23,26
"freezer dried strawberries",,,3,544,325,35,,,,133,597,8,0,1,1,1,0,0,0,0,0,0,23,3,67,6,50,6,26.5,6,8,5,37,42,1,8,66
"nutristore freeze dried strawberries",,,"-",900,153,-13,1.24,1.03,1.63,32,170,8,0,1,1,1,0,0,0,0,0,0,16,1,213,4,13,3,27,5,8,4,"-",17,6,70,38
"dehydrated strawberries bulk",,,"-",344,117,-6,,,,63,340,8,0,1,0,1,0,0,0,0,0,0,0,0,117,5,139,6,29,5,8,5,"-",39,6,50,45
"dried strawberrries",,,"-",287,232,64,,,,73,807,8,0,1,1,0,0,0,0,0,0,0,13,3,0,0,71,7,29.3,6,8,15,65,3,4,36,53
"freeze dried strawberries freeze-dried strawberries slices",,,"-",324,101,-32,,,,43,312,8,0,1,0,0,0,0,0,0,0,0,0,0,0,0,5,4,29.5,6,8,2,118,3,4,41,9
"fresas deshidratadas",,,"-",3097,288,9,,,,43,93,8,0,1,1,1,0,0,0,0,0,0,7,1,160,3,0,0,29.8,5,8,3,"-",73,1,18,54
"strawberry shortcake freeze dried",,,"-",725,129,-2,,,,50,178,8,0,1,1,0,0,0,0,0,0,0,3,1,0,0,44,5,30.8,5,8,24,"-",42,6,70,12
"freeze dry strawberry",,,"-",169,169,-29,,,,80,1000,8,0,1,1,1,0,0,0,0,0,0,8,1,1,1,63,7,30.8,6,8,3,56,37,2,36,51
"bulk freeze dried strawberries",47.6,14.3,6,677,482,7,1.12,0.84,1.32,140,712,9,1,1,1,0,0,0,0,0,0,0,22,3,0,0,28,4,31.8,6,8,19,55,33,6,11,67
"tru fru freeze dried strawberries",,,"-",1366,295,-17,,,,30,216,8,0,1,0,0,0,0,0,0,0,0,0,0,0,0,95,6,32,5,8,21,"-",39,13,63,24
"driscoll strawberries",81.5,80,1,5220,308,-5,0.85,0.57,0.96,20,59,8,0,1,1,0,0,0,0,0,0,0,3,1,0,0,0,0,16.3,4,6.4,6,"-",37,8,"-",14
"sherries berries strawberries for delivery prime",,,"-",6357,267,10,1.04,0.77,1.22,6,42,8,0,1,0,0,0,0,0,0,0,0,0,0,0,0,0,0,25,4,6.4,22,"-",24,15,"-",39
"strawberry dried",,,"-",279,245,-24,,,,172,879,8,0,1,1,0,0,0,0,0,0,0,13,2,0,0,60,5,32.2,5,6,6,"-",50,2,41,62
"dry strawberry fruit",,,"-",149,297,10,0.94,0.71,1.15,133,2000,8,2,1,1,1,0,0,0,0,0,0,1,1,38,6,78,7,35,6,6,15,58,44,1,45,47
"freeze dried strawberries bulk",41.8,33.3,26,1420,909,19,1.13,0.84,1.32,137,640,12,0,1,1,1,0,0,0,0,0,0,10,2,83,5,28,3,35.2,6,6,15,41,42,7,36,70
"natierra freeze dried strawberries",,,"-",1175,269,18,,,,47,229,8,0,1,1,0,0,0,0,0,0,0,15,2,0,0,53,5,36,5,6,5,"-",31,22,79,43
"dried strawberries bulk",,,"-",134,268,-9,1.3,1.04,1.55,126,2000,8,1,1,1,1,0,0,0,0,0,0,13,3,54,6,99,7,36.8,6,6,14,46,31,4,32,94
"dried freeze strawberries",,,"-",317,204,-3,,,,71,643,8,0,1,1,0,0,0,0,0,0,0,6,3,0,0,62,6,39,6,6,5,49,37,2,50,91
"freeze dried strawberry pieces",51.6,50,8,1044,332,-10,,,,88,318,8,4,1,1,1,0,0,0,0,0,0,14,3,105,5,8,2,40,6,6,16,40,42,1,82,59
"strawberry freeze dried",42,66.7,11,615,424,-11,0.91,0.69,1.17,128,689,8,0,1,1,0,0,0,0,0,0,0,16,2,0,0,57,6,40.3,6,6,4,34,45,2,26,131
"strawberries dried",,,5,93,279,-6,,,,99,3000,8,3,1,1,0,0,0,0,0,0,0,7,2,0,0,142,7,41,6,6,9,99,35,5,31,67
"strawberries freeze dried",,,"-",416,303,-4,1.48,1.12,1.87,92,728,8,0,1,1,0,0,0,0,0,0,0,6,4,0,0,54,4,41.8,6,6,4,63,28,2,65,89
"freeze dry strawberries",30.2,,7,701,433,-5,0.95,0.64,1.19,108,618,8,0,1,0,0,0,0,0,0,0,0,0,0,0,0,56,6,42.2,6,6,7,53,40,2,52,99
"strawberries frozen",62.6,60.9,4,8060,1209,-20,0.69,0.56,0.95,195,150,26,0,1,0,0,0,0,0,0,0,0,0,0,0,0,3,1,42.7,6,6,29,125,36,7,22,37
"organic strawberries frozen",77.1,86.4,1,2959,429,-5,0.87,0.57,1.09,147,145,8,0,1,1,0,0,0,0,0,0,0,21,2,0,0,42,3,43.8,5,6,2,"-",70,10,60,77
"dried strawberry",28.1,16,19,267,534,-7,1.06,0.82,1.37,121,2000,9,10,1,1,1,0,0,0,0,0,0,21,3,15,6,134,7,45.3,6,6,8,105,40,2,32,85
"freeze-dried strawberries",44.7,50,19,858,470,-10,1.31,0.97,1.5,116,548,8,4,1,1,0,0,0,0,0,0,0,21,2,0,0,60,5,45.7,6,6,7,68,47,2,12,138
"dehydrated strawberries",29.7,36.3,70,4442,1839,-2,1.04,0.73,1.35,205,414,27,3,1,1,1,0,0,0,0,0,0,17,4,102,3,104,6,46.5,6,6,6,107,89,2,16,59
"augason farms strawberries",,,"-",1948,224,316,1.55,1.17,1.86,31,115,8,0,1,1,0,0,0,0,0,0,0,6,1,0,0,75,5,47.2,5,6,25,"-",51,10,94,56
"organic frozen strawberry",,,"-",2484,308,13,1.29,0.92,1.5,70,124,8,0,1,1,0,0,0,0,0,0,0,8,1,0,0,45,3,48.2,5,6,2,"-",59,11,57,112
"starberries",,,"-",308,283,92,1.59,1.21,2.04,90,918,8,0,1,1,0,0,0,0,0,0,0,13,2,0,0,0,0,48.2,5,6,23,"-",44,14,125,35
"freeze dried organic strawberries",,,"-",652,242,-28,,,,168,371,8,0,1,1,0,0,0,0,0,0,0,8,3,0,0,73,5,48.2,5,6,1,"-",61,12,57,110
"frozen strawberries",58.1,55.1,51,128151,23708,-5,0.81,0.67,1.18,218,185,53,2,1,1,1,0,0,0,0,0,0,16,3,67,1,22,2,48.3,6,6,28,126,58,10,33,35
"dried strawberries organic",,,"-",269,170,-19,0.96,0.69,1.24,157,631,8,1,1,1,1,0,0,0,0,0,0,17,2,234,2,88,5,49.2,5,6,2,"-",78,11,53,102
"dehydrated strawberry",,,"-",462,164,-9,,,,86,355,8,4,1,1,1,0,0,0,0,0,0,13,3,151,3,105,6,49.8,6,6,3,120,57,2,16,101
"freeze dried strawberry",33.3,30.8,39,1340,847,-7,1.15,0.84,1.39,109,632,11,5,1,1,1,0,0,0,0,0,0,16,4,74,7,68,5,49.8,6,6,8,70,56,2,24,139
"organic dried strawberries",57.1,62.5,11,777,445,-5,0.97,0.68,1.24,92,573,8,5,1,1,1,0,0,0,0,0,0,12,1,180,5,98,5,50.4,5,6,2,"-",58,10,70,112
"freeze dried strawberries",37.6,30.4,909,45094,30664,"-",1.13,0.78,1.45,174,680,67,21,1,1,0,0,0,0,0,0,0,10,3,0,0,60,5,52.2,6,6,5,96,45,4,53,110
"freeze dried strawberries organic",59.6,42.1,11,1045,422,-12,1.13,0.83,1.44,148,404,8,1,1,1,1,0,0,0,0,0,0,3,3,215,1,69,3,53.2,5,6,1,"-",74,8,95,88
"crunchies freeze dried strawberries",,,"-",684,234,5,,,,107,342,8,0,1,0,0,0,0,0,0,0,0,0,0,0,0,91,6,55.7,6,6,14,87,28,8,27,170
"freezedried strawberry",29.7,12.5,11,927,445,-9,0.98,0.7,1.17,135,480,8,0,1,1,1,0,0,0,0,0,0,24,2,89,6,53,5,56.7,6,6,3,52,30,2,142,111
"atrawberries",,,1,252,226,55,,,,96,897,8,0,1,1,0,0,0,0,0,0,0,8,2,0,0,234,7,56.8,6,6,8,111,51,4,136,31
"frozen organic strawberries",80,66.7,1,2180,399,-27,0.85,0.5,1.01,106,183,8,0,1,1,0,0,0,0,0,0,0,12,1,0,0,37,3,57.4,5,6,5,"-",57,9,80,136
"dried strawberries no sugar added",41.1,21.4,49,1973,1101,22,1.07,0.76,1.34,160,558,26,1,1,1,1,0,0,0,0,0,0,5,2,119,6,126,6,59.2,6,6,7,34,262,4,17,31
"strawberry chips",36,33.3,7,1810,371,36,0.97,0.73,1.06,74,205,8,1,1,0,1,0,0,0,0,0,0,0,0,164,4,63,4,34.5,4,4.8,7,103,"-",6,22,"-"
"organic fresh strawberries",,,"-",300,106,-53,,,,126,353,8,0,1,1,0,0,0,0,0,0,0,6,1,0,0,0,0,42.3,4,4.8,4,"-",58,38,"-",69
"freeze dried strawberry shortcake",82.9,50,"-",739,119,-62,0.7,0.56,0.81,66,161,8,3,1,1,1,0,0,0,0,0,0,12,1,138,2,42,3,43,4,4.8,47,"-","-",10,76,39
"berry well freeze dried",,,"-",669,178,71,,,,36,266,8,0,1,0,0,0,0,0,0,0,0,0,0,0,0,93,3,54,4,4.8,20,94,"-",3,99,"-"
"fresas",78.7,73.2,6,21705,2431,-11,0.66,0.53,0.96,77,112,27,0,1,0,1,0,0,0,0,0,0,0,0,161,2,0,0,10,2,4,14,"-","-",6,"-","-"
"red ripe strawberry",,,"-",1321,173,-13,,,,59,131,8,1,1,1,0,0,0,0,0,0,0,2,1,0,0,0,0,11,2,4,14,"-","-",8,"-","-"
"strawberry baking chips",,,"-",2659,226,61,,,,41,85,8,0,1,0,0,0,0,0,0,0,0,0,0,0,0,0,0,12,2,4,"-","-","-",1,23,"-"
"frozen strawberry",53.2,51.1,2,3903,644,9,0.9,0.7,1.24,132,165,10,2,1,1,1,0,0,0,0,0,0,28,2,76,4,15,2,64.5,6,4,19,252,50,1,28,37
"organic freeze dried strawberries",47.4,42.6,39,2908,1163,-9,1.16,0.86,1.54,270,400,26,1,1,1,1,0,0,0,0,0,0,24,3,155,5,62,4,65.2,5,4,1,"-",56,10,88,171
"freeze dried fruit no sugar added",,,"-",357,153,-50,0.99,0.76,1.2,130,429,8,0,1,0,0,0,0,0,0,0,0,0,0,0,0,0,0,65.6,5,4,12,115,"-",4,81,116
"dry strawberries",37.7,19.2,25,764,713,-8,1.15,0.86,1.44,96,933,10,0,1,1,1,0,0,0,0,0,0,4,1,220,1,68,5,65.8,6,4,14,74,55,2,64,186
"strawberries￼",,,"-",299,299,"-",,,,45,1000,8,0,1,1,0,0,0,0,0,0,0,22,2,0,0,103,5,67.8,6,4,25,112,37,15,128,90
"organic dried strawberries no sugar added",,,"-",341,124,-5,,,,43,364,8,0,1,1,0,0,0,0,0,0,0,19,2,0,0,137,5,69.6,5,4,2,"-",105,15,20,206
"dry strawberries organic",,,"-",235,116,-43,,,,50,493,8,0,1,0,1,0,0,0,0,0,0,0,0,138,6,254,6,70.2,5,4,1,"-",55,5,124,166
"freeze dried strawberries powder",44.7,31.8,31,1601,573,-20,1.19,0.85,1.44,109,358,9,6,1,1,0,0,0,0,0,0,0,11,1,0,0,154,6,74,5,4,71,"-",132,38,123,6
"freeze dried raspberry pieces",,,"-",1050,233,-4,,,,70,222,8,5,1,0,1,0,0,0,0,0,0,0,0,127,1,77,5,74.8,6,4,37,16,154,5,175,62
"strawberry",64.2,73.7,45,9519,19038,1,0.94,0.63,1.3,268,2000,58,34,1,1,1,0,0,0,0,0,0,14,2,46,6,82,3,76,5,4,19,"-",103,12,110,136
"starwberries",83.3,84.6,1,461,424,-1,0.86,0.66,0.96,100,920,8,0,1,1,0,0,0,0,0,0,0,10,2,0,0,0,0,79.2,6,4,22,210,51,15,127,50
"organic freeze dried strawberry powder",,,"-",453,148,-42,1,0.78,1.43,100,327,8,6,1,0,1,0,0,0,0,0,0,0,0,145,3,132,4,79.2,5,4,22,"-",144,35,182,13
"bulk freeze dried fruit",38.5,,3,73,364,-6,1.23,0.97,1.41,136,5000,8,0,1,0,0,0,0,0,0,0,0,0,0,0,0,145,5,81.6,5,4,46,44,"-",12,53,253
"straberries",73.3,66.7,1,447,410,-6,0.82,0.62,1,132,918,8,0,1,1,0,0,0,0,0,0,0,11,1,0,0,7,1,82,5,4,15,"-",45,14,206,130
"fresh strawberries",83.2,78.3,4,3152,1765,-4,0.88,0.52,0.98,192,560,27,2,1,1,0,0,0,0,0,0,0,8,2,0,0,130,6,84.3,6,4,26,88,118,13,143,118
"chocolate covered freeze dried strawberries",58.6,75,4,2122,401,-4,0.81,0.67,1.26,92,189,8,1,1,1,1,0,0,0,0,0,0,4,1,200,4,110,4,85.8,5,4,77,"-",82,15,114,141
"strawberry freeze dried powder",,,14,943,381,11,,,,93,404,8,0,1,1,0,0,0,0,0,0,0,17,1,0,0,89,5,87,5,4,66,"-",251,33,80,5
"dehydrated strawberry powder",,,9,1617,380,-2,1.03,0.75,1.54,72,235,8,0,1,1,1,0,0,0,0,0,0,5,1,165,3,141,5,90.2,5,4,145,"-",135,63,104,4
"freeze dried strawberry powder",47.5,40,129,7171,2431,-15,1.21,0.77,1.28,173,339,34,20,1,1,1,0,0,0,0,0,0,21,1,103,5,102,3,90.8,5,4,106,"-",108,64,171,5
"freeze-dried strawberry powder",,,"-",285,101,75,1.1,0.8,1.43,46,355,8,3,1,1,0,0,0,0,0,0,0,4,1,0,0,83,4,91.2,5,4,77,"-",120,41,213,5
"strawverries",,,"-",321,295,-10,,,,166,919,8,0,1,1,0,0,0,0,0,0,0,9,2,0,0,53,3,94.2,6,4,14,186,149,8,130,78
"freeze dry fruit",26.3,28.6,7,87,433,4,1.03,0.84,1.32,108,5000,8,0,1,0,1,0,0,0,0,0,0,0,0,76,6,190,6,95.8,5,4,66,181,"-",14,84,134
"strawberries organic fresh",75.6,80,1,1502,431,28,0.67,0.47,0.79,108,287,8,1,1,1,0,0,0,0,0,0,0,2,1,0,0,0,0,40.7,3,3.6,5,"-","-",28,"-",89
"toddler freeze dried fruit",,,"-",840,168,-12,,,,121,200,8,0,1,0,0,0,0,0,0,0,0,0,0,0,0,72,3,41,3,3.6,20,"-","-",10,93,"-"
"freeze dried cantaloupe",,,"-",876,106,-30,,,,52,121,8,0,1,0,0,0,0,0,0,0,0,0,0,0,0,0,0,41.3,3,3.6,49,5,"-","-",70,"-"
"freeze fruit",,,"-",16,160,32,,,,63,10000,8,0,1,0,1,0,0,0,0,0,0,0,0,101,5,223,4,41.3,3,3.6,58,"-","-",7,"-",59
"freeze dried powdered fruit",,,"-",185,142,-19,,,,120,767,8,0,1,0,1,0,0,0,0,0,0,0,0,87,1,281,4,49.3,3,3.6,100,"-","-",44,"-",4
"strawberry powder",42.6,38.6,247,2839,5678,1,1,0.7,1.21,222,2000,41,32,1,1,1,0,0,0,0,0,0,29,1,139,2,297,4,52,3,3.6,104,"-","-",50,"-",2
"organic strawberry powder",61.8,52.5,36,2186,1290,-1,1.33,0.95,1.79,185,590,27,5,1,0,1,0,0,0,0,0,0,0,0,162,2,0,0,58.3,3,3.6,64,"-","-",99,"-",12
"strawberry powder for drinks",56,50,2,157,314,-28,1.12,0.78,1.39,152,2000,8,0,1,0,0,0,0,0,0,0,0,0,0,0,0,0,0,60.3,3,3.6,90,"-","-",90,"-",1
"dehydrated fruit powder",,,"-",271,232,12,1.25,0.89,1.57,156,856,8,0,1,0,1,0,0,0,0,0,0,0,0,175,2,223,4,60.3,3,3.6,121,"-","-",52,"-",8
"anthony's organic strawberry powder",,,"-",2945,215,50,,,,15,73,8,0,1,0,0,0,0,0,0,0,0,0,0,0,0,0,0,17.5,2,3.2,20,"-","-","-","-",15
"nutristore strawberries",,,"-",2825,113,-7,,,,0,40,8,0,1,0,0,0,0,0,0,0,0,0,0,0,0,0,0,18.5,2,3.2,4,"-","-","-",33,"-"
"freeze dried jack fruit chips",,,"-",2717,288,-24,,,,36,106,8,0,1,0,0,0,0,0,0,0,0,0,0,0,0,0,0,21,2,3.2,"-",8,"-","-",34,"-"
"organic freeze dried",,,"-",63,125,52,,,,101,2000,8,5,1,0,0,0,0,0,0,0,0,0,0,0,0,0,0,22,2,3.2,2,"-","-",42,"-","-"
"anthony's strawberry powder",,,"-",4167,300,132,1.53,0.81,1.84,23,72,8,0,1,0,0,0,0,0,0,0,0,0,0,0,0,0,0,28.5,2,3.2,49,"-","-","-","-",8
"freeze dried jackfruit",58.3,50,8,3458,415,5,1.03,0.65,1.05,65,120,8,2,1,0,1,0,0,0,0,0,0,0,0,426,1,0,0,32,2,3.2,"-",1,"-","-",63,"-"
"dried raspberries no sugar added",,,"-",640,162,-32,,,,156,253,8,1,1,0,1,0,0,0,0,0,0,0,0,75,1,0,0,65.8,4,3.2,79,21,"-",15,"-",148
"strawberry powder for baking",46,37.5,20,1661,470,-10,1.15,0.9,1.56,128,283,8,6,1,1,0,0,0,0,0,0,0,8,1,0,0,156,5,66,4,3.2,69,"-",141,51,"-",3
"dried freeze fruit",,,"-",11,106,24,,,,94,10000,8,0,1,0,0,0,0,0,0,0,0,0,0,0,0,188,5,86,4,3.2,31,"-","-",6,126,181
"stawberry fruit",,,"-",2,202,63,,,,33,100000,8,0,1,0,0,0,0,0,0,0,0,0,0,0,0,126,4,89.5,4,3.2,16,"-","-",7,295,40
"frozen friit",35.5,21.4,1,802,396,-13,1.29,0.92,1.59,118,494,8,0,1,0,0,0,0,0,0,0,0,0,0,0,0,145,4,96,4,3.2,117,"-","-",7,108,152
"anthony strawberry powder",,,"-",3425,250,65,,,,13,73,8,0,1,0,0,0,0,0,0,0,0,0,0,0,0,0,0,42,2,2.4,74,"-","-","-","-",10
"freeze dried fuji apples",,,"-",1476,248,54,,,,102,168,8,2,1,1,1,0,0,0,0,0,0,31,1,107,1,0,0,54.5,2,2.4,"-",12,"-","-",97,"-"
"dried fruit for baking",,,"-",13,134,-42,1.18,0.87,1.47,177,10000,8,1,1,0,0,0,0,0,0,0,0,0,0,0,0,208,4,71.7,3,2.4,"-",114,"-",6,"-",95
"freeze dried organic fruit",,,"-",229,229,2,,,,123,1000,8,0,1,1,0,0,0,0,0,0,0,22,1,0,0,0,0,76,3,2.4,1,"-","-",27,"-",200
"dried fruit powder",36.5,27.3,12,81,484,-40,1.39,0.95,1.8,158,6000,9,1,1,0,1,0,0,0,0,0,0,0,0,95,1,0,0,76.7,3,2.4,130,"-","-",98,"-",2
"freeze dried fruit powders",,,"-",103,103,39,,,,81,1000,8,0,1,0,0,0,0,0,0,0,0,0,0,0,0,233,4,79.7,3,2.4,157,"-","-",80,"-",2
"freeze dried peach",,,"-",790,222,-15,,,,83,281,8,3,1,1,1,0,0,0,0,0,0,3,1,336,1,0,0,87.7,3,2.4,"-",5,"-",63,195,"-"
"strawberry organic",85.7,82.4,1,578,435,1,0.96,0.75,1.31,148,752,8,0,1,1,0,0,0,0,0,0,0,6,1,0,0,0,0,93,3,2.4,9,"-","-",83,"-",187
"flavoring powders",45.8,42.9,1,63,440,"-",,,,35,7000,8,0,1,0,0,0,0,0,0,0,0,0,0,0,0,0,0,1,1,2,"-","-","-","-","-",1
"fruit powder for drinks",37.2,50,6,49,390,-4,,,,196,8000,8,0,1,0,0,0,0,0,0,0,0,0,0,0,0,0,0,1,1,2,"-","-","-","-","-",1
"strawberry powder for matcha",81.5,100,4,1694,376,"-",,,,71,222,8,0,1,0,0,0,0,0,0,0,0,0,0,0,0,0,0,1,1,2,"-","-","-","-","-",1
"fruit powders",32,50,2,20,403,-12,1.54,1.29,1.89,88,20000,8,0,1,0,0,0,0,0,0,0,0,0,0,0,0,0,0,1,1,2,"-","-","-","-","-",1
"fraunitsh",,,4,14435,332,-26,,,,12,23,8,16,1,0,0,0,0,0,0,0,0,0,0,0,0,0,0,2,1,2,"-","-","-","-","-",2
"strawberry ma",,,"-",866,155,-31,,,,66,179,8,0,1,0,0,0,0,0,0,0,0,0,0,0,0,0,0,2,1,2,"-","-","-","-","-",2
"powder fruit flavor",,,"-",23,232,76,,,,36,10000,8,0,1,0,0,0,0,0,0,0,0,0,0,0,0,0,0,2,1,2,"-","-","-","-","-",2
"strawberry crunch",,,3,701,328,-22,1,0.77,1.44,184,468,8,2,1,0,1,0,0,0,0,0,0,0,0,126,3,143,2,2,1,2,"-","-","-",2,"-","-"
"dried kiwi no sugar added",61.8,47.4,13,2801,465,-13,0.98,0.73,1.19,53,166,8,2,1,0,1,0,0,0,0,0,0,0,0,150,1,0,0,2,1,2,"-",2,"-","-","-","-"
"fresh bellies strawberries",,,"-",4438,213,-26,1.43,1.13,2,18,48,8,0,1,0,1,0,0,0,0,0,0,0,0,310,3,0,0,3,1,2,3,"-","-","-","-","-"
"dried black currants",53.1,37.5,4,2827,294,1,1.29,0.76,1.62,32,104,8,4,1,0,1,0,0,0,0,0,0,0,0,362,1,0,0,3,1,2,"-",3,"-","-","-","-"
"blackcurrant",,,8,1437,401,8,1.4,0.87,1.75,93,279,8,37,1,0,1,0,0,0,0,0,0,0,0,343,1,0,0,3,1,2,"-",3,"-","-","-","-"
"strawberry shortcake crumbles",61.7,100,4,7683,484,-16,0.53,0.41,0.62,22,63,9,1,1,0,1,0,0,0,0,0,0,0,0,175,3,0,0,4,1,2,"-","-","-",4,"-","-"
"natural flavoring powder",,,"-",37,111,-24,,,,97,3000,8,0,1,0,1,0,0,0,0,0,0,0,0,216,1,0,0,4,1,2,"-","-","-","-","-",4
"dried pear",40.7,50,8,651,226,-6,,,,181,347,8,4,1,1,1,0,0,0,0,0,0,3,1,587,1,0,0,4,1,2,"-",4,"-","-","-","-"
"dried kiwi",53.6,50,47,5363,1287,-7,1,0.73,1.23,180,240,33,24,1,1,1,0,0,0,0,0,0,6,1,401,1,0,0,4,1,2,"-",4,"-","-","-","-"
"freeze dried pineapple chunks",31.4,25,"-",1029,248,-23,0.94,0.8,1.08,82,241,8,2,1,1,0,0,0,0,0,0,0,2,1,0,0,0,0,5,1,2,"-",5,"-","-","-","-"
"dehydrated corn",59.2,87.5,10,2495,454,-3,0.64,0.56,0.95,65,182,8,2,1,0,1,0,0,0,0,0,0,0,0,536,1,0,0,5,1,2,"-",5,"-","-","-","-"
"freeze dried usa",,,"-",98,293,15,0.65,0.49,0.87,202,3000,8,1,1,1,1,0,0,0,0,0,0,4,1,366,1,0,0,5,1,2,"-","-","-",5,"-","-"
"trystrawberry",,,"-",1860,240,"-",,,,12,129,8,0,1,0,0,0,0,0,0,0,0,0,0,0,0,0,0,6,1,2,"-","-","-","-","-",6
"try strawberry",97.2,20,7,5527,713,"-",1.18,0.88,1.42,23,129,10,0,1,0,0,0,0,0,0,0,0,0,0,0,0,0,0,6,1,2,"-","-","-","-","-",6
"sweetest batch strawberries",65.7,62.8,1,20538,534,-16,1.5,1.03,1.83,28,26,9,0,1,0,0,0,0,0,0,0,0,0,0,0,0,0,0,6,1,2,6,"-","-","-","-","-"
"fuji apple fruit crisps",,,"-",2429,221,75,,,,57,91,8,0,1,0,0,0,0,0,0,0,0,0,0,0,0,0,0,6,1,2,"-",6,"-","-","-","-"
"black currant dried fruit",,,"-",1153,158,-42,,,,41,137,8,1,1,1,0,0,0,0,0,0,0,7,1,0,0,0,0,6,1,2,"-",6,"-","-","-","-"
"dried jackfruit chips",,,6,3611,390,18,,,,52,108,8,11,1,1,0,0,0,0,0,0,0,1,1,0,0,0,0,6,1,2,"-",6,"-","-","-","-"
"freeze dried corn powder",95.1,53.3,17,5738,482,-2,0.88,0.65,1.04,32,84,9,1,1,0,0,0,0,0,0,0,0,0,0,0,0,0,0,6,1,2,"-",6,"-","-","-","-"
"freeze dried corn kernels for salad",,,"-",2259,183,-11,,,,25,81,8,0,1,0,0,0,0,0,0,0,0,0,0,0,0,0,0,7,1,2,"-",7,"-","-","-","-"
"strawberry crunch crumbles",64.7,75,2,8826,406,64,0.63,0.45,0.87,37,46,8,0,1,0,1,0,0,0,0,0,0,0,0,146,3,0,0,7,1,2,"-","-","-",7,"-","-"
"cantaloupe fresh",65.3,63,16,57453,7354,-5,0.59,0.33,0.88,117,128,33,0,1,0,1,0,0,0,0,0,0,0,0,563,1,0,0,7,1,2,"-",7,"-","-","-","-"
"dried currants for baking",,,8,2198,233,311,0.94,0.67,1.02,29,106,8,2,1,0,0,0,0,0,0,0,0,0,0,0,0,0,0,7,1,2,"-",7,"-","-","-","-"
"sweet dried corn",,,"-",497,192,42,,,,84,386,8,0,1,0,0,0,0,0,0,0,0,0,0,0,0,0,0,7,1,2,"-",7,"-","-","-","-"
"grosella negra",,,"-",5205,203,-11,,,,29,39,8,0,1,0,0,0,0,0,0,0,0,0,0,0,0,0,0,7,1,2,"-",7,"-","-","-","-"
"fruits powder",,,"-",8,159,29,,,,112,20000,8,0,1,0,0,0,0,0,0,0,0,0,0,0,0,0,0,7,1,2,"-","-","-","-","-",7
"flavor delights strawberry powder",,,"-",891,180,-21,,,,27,202,8,0,1,0,0,0,0,0,0,0,0,0,0,0,0,0,0,8,1,2,"-","-","-","-","-",8
"banana peach",,,"-",1692,181,-3,,,,51,107,8,1,1,0,0,0,0,0,0,0,0,0,0,0,0,0,0,8,1,2,"-",8,"-","-","-","-"
"freeze dried kiwi",36.9,16.7,5,1942,404,-7,0.7,0.52,0.94,110,208,8,3,1,1,1,0,0,0,0,0,0,7,1,436,1,0,0,8,1,2,"-",8,"-","-","-","-"
"dried kiwi slices",,,"-",1320,235,16,1.38,1.11,1.61,90,178,8,7,1,0,0,0,0,0,0,0,0,0,0,0,0,0,0,8,1,2,"-",8,"-","-","-","-"
"dried cantaloupe",50,45.5,2,3391,390,1,0.78,0.61,1.13,68,115,8,10,1,0,1,0,0,0,0,0,0,0,0,552,1,0,0,8,1,2,"-",8,"-","-","-","-"
"strawberry matcha powder",83.3,65,19,2407,845,-5,1.8,1.42,2,131,351,11,3,1,0,1,0,0,0,0,0,0,0,0,141,1,0,0,9,1,2,"-","-","-","-","-",9
"dried kiwi unsweetened",,,"-",2407,284,33,,,,27,118,8,0,1,1,0,0,0,0,0,0,0,4,1,0,0,0,0,9,1,2,"-",9,"-","-","-","-"
"pineapple lumps",,,5,34364,378,-3,0.93,0.74,1.39,0,11,8,0,1,0,0,0,0,0,0,0,0,0,0,0,0,0,0,9,1,2,"-",9,"-","-","-","-"
"dried pears",39.3,33.3,18,2044,844,-4,0.89,0.71,0.97,87,413,11,15,1,1,0,0,0,0,0,0,0,1,1,0,0,0,0,9,1,2,"-",9,"-","-","-","-"
"freeze dried corn kernels",64,81.8,7,2252,286,13,1.34,1.06,1.8,72,127,8,0,1,0,0,0,0,0,0,0,0,0,0,0,0,0,0,9,1,2,"-",9,"-","-","-","-"
"freeze dried corn",68.2,61,74,7058,1588,3,0.84,0.67,0.99,141,225,27,4,1,0,0,0,0,0,0,0,0,0,0,0,0,0,0,9,1,2,"-",9,"-","-","-","-"
"matcha powder strawberry",,,"-",383,106,-58,,,,109,277,8,0,1,0,0,0,0,0,0,0,0,0,0,0,0,0,0,10,1,2,"-","-","-","-","-",10
"currants dried fruit",76.3,71.4,36,2505,714,1,1.01,0.86,1.16,135,285,10,3,1,1,1,0,0,0,0,0,0,4,1,380,1,0,0,10,1,2,"-",10,"-","-","-","-"
"strawberry boba powder",,,"-",1449,213,65,,,,12,147,8,1,1,0,0,0,0,0,0,0,0,0,0,0,0,0,0,10,1,2,"-","-","-","-","-",10
"corn frozen",69.4,64.5,4,15759,1765,-4,0.57,0.44,0.9,130,112,27,1,1,1,0,0,0,0,0,0,0,1,1,0,0,0,0,10,1,2,"-",10,"-","-","-","-"
"strawberry nesquik powder",65,35.7,17,10333,713,-5,0.96,0.71,1.1,42,69,10,0,1,0,0,0,0,0,0,0,0,0,0,0,0,0,0,10,1,2,"-","-","-","-","-",10
"mix vegetable frozen",69,72.7,"-",2970,300,7,0.69,0.5,0.73,106,101,8,0,1,0,0,0,0,0,0,0,0,0,0,0,0,0,0,10,1,2,"-",10,"-","-","-","-"
"dried jackfruit",52.1,25,6,3732,571,6,0.93,0.72,1.19,69,153,9,18,1,0,1,0,0,0,0,0,0,0,0,163,1,0,0,10,1,2,"-",10,"-","-","-","-"
"kiwi fruit",49.8,49.9,32,79974,18794,11,0.83,0.5,0.99,279,235,49,9,1,1,1,0,0,0,0,0,0,1,1,422,1,0,0,11,1,2,"-",11,"-","-","-","-"
"freeze dried jackfruit chips",,,"-",2178,196,221,0.89,0.54,0.99,44,90,8,0,1,0,0,0,0,0,0,0,0,0,0,0,0,0,0,12,1,2,"-",12,"-","-","-","-"
"ripened jackfruit chips",67.7,100,4,5639,406,33,0.86,0.66,0.97,50,72,8,4,1,1,0,0,0,0,0,0,0,3,1,0,0,0,0,12,1,2,"-",12,"-","-","-","-"
"frozen onions and bell peppers mix",,,"-",4275,171,-21,,,,0,40,8,0,1,0,0,0,0,0,0,0,0,0,0,0,0,0,0,12,1,2,"-",12,"-","-","-","-"
"celery carrots",,,"-",2307,263,2,,,,36,114,8,0,1,0,0,0,0,0,0,0,0,0,0,0,0,0,0,12,1,2,"-",12,"-","-","-","-"
"jackfruit chips",52.1,37.9,61,23810,3000,126,0.87,0.73,1.08,155,126,34,20,1,1,0,0,0,0,0,0,0,14,1,0,0,0,0,12,1,2,"-",12,"-","-","-","-"
"fuji apple crisps",,,"-",1697,168,-33,,,,30,99,8,2,1,0,0,0,0,0,0,0,0,0,0,0,0,0,0,12,1,2,"-",12,"-","-","-","-"
"yozz freeze dried yogurt with real strawberry bites",,,"-",3630,167,-30,0.81,0.63,0.85,9,46,8,0,1,1,0,0,0,0,0,0,0,1,1,0,0,0,0,13,1,2,"-","-","-",13,"-","-"
"currants dried",,,"-",703,102,12,,,,92,145,8,3,1,1,0,0,0,0,0,0,0,17,1,0,0,0,0,13,1,2,"-",13,"-","-","-","-"
"black currants dried fruit",,,"-",1455,176,28,,,,27,121,8,1,1,1,0,0,0,0,0,0,0,2,1,0,0,0,0,14,1,2,"-",14,"-","-","-","-"
"carrot and celery",,,"-",785,128,-48,,,,24,163,8,0,1,0,0,0,0,0,0,0,0,0,0,0,0,0,0,14,1,2,"-",14,"-","-","-","-"
"canalope",,,14,295,295,74,,,,35,1000,8,0,1,0,0,0,0,0,0,0,0,0,0,0,0,0,0,14,1,2,"-",14,"-","-","-","-"
"frozen carrots",65.2,63.1,11,34821,5432,24,0.51,0.37,0.53,46,156,31,1,1,0,0,0,0,0,0,0,0,0,0,0,0,0,0,14,1,2,"-",14,"-","-","-","-"
"jackfruit chips costco",63.3,25,7,4200,273,53,0.86,0.6,1.03,38,65,8,0,1,0,0,0,0,0,0,0,0,0,0,0,0,0,0,15,1,2,"-",15,"-","-","-","-"
"strawberry flavoring for baking",,,"-",282,140,-24,0.84,0.54,1.1,105,497,8,1,1,1,0,0,0,0,0,0,0,18,1,0,0,0,0,15,1,2,"-","-","-","-","-",15
"jackfruit benefits",,,"-",5381,226,-11,,,,24,42,8,0,1,0,0,0,0,0,0,0,0,0,0,0,0,0,0,15,1,2,"-",15,"-","-","-","-"
"dried currants",77.7,71.9,56,5611,909,20,0.93,0.78,1.09,100,162,12,3,1,0,1,0,0,0,0,0,0,0,0,364,1,0,0,15,1,2,"-",15,"-","-","-","-"
"natural flavor powder",,,1,10,310,"-",,,,36,30000,8,0,1,0,0,0,0,0,0,0,0,0,0,0,0,0,0,15,1,2,"-","-","-","-","-",15
"currants for baking",60,69.6,19,2865,404,44,0.9,0.65,1.26,45,141,8,2,1,0,0,0,0,0,0,0,0,0,0,0,0,0,0,15,1,2,"-",15,"-","-","-","-"
"fresas frescas",79.8,70.4,3,7854,1343,136,0.74,0.45,0.82,118,171,26,0,1,0,0,0,0,0,0,0,0,0,0,0,0,112,4,99.3,6,2,57,138,49,9,149,194
"strawberrie",71.4,71.9,1,91,365,-11,1.12,0.8,1.38,90,4000,8,0,1,1,0,0,0,0,0,0,0,9,2,0,0,98,3,102.3,6,2,23,230,100,6,154,101
"freeze dried raspberries for baking",50,46.2,13,2048,426,"-",1.54,1.16,1.91,45,208,8,1,1,0,0,0,0,0,0,0,0,0,0,0,0,103,4,104,6,2,170,8,137,79,157,73
"handful freeze dried fruit",,,"-",1165,297,27,,,,158,255,8,0,1,0,0,0,0,0,0,0,0,0,0,0,0,185,5,105.8,5,2,32,"-",208,14,128,147
"freezer dried fruit",,,1,56,279,5,,,,139,5000,8,0,1,1,1,0,0,0,0,0,0,8,1,209,2,0,0,106.8,5,2,74,214,"-",14,103,129
"freeze dried fruit bulk",27.2,6.3,12,129,644,7,1.26,0.89,1.42,159,5000,10,0,1,0,1,0,0,0,0,0,0,0,0,78,7,147,4,108.2,5,2,34,187,"-",7,54,259
"dry freeze fruit",,,"-",56,280,-12,,,,137,5000,8,0,1,0,1,0,0,0,0,0,0,0,0,126,2,141,5,109,5,2,80,201,"-",11,137,116
"freeze dries fruit",,,"-",17,101,-16,,,,65,6000,8,0,1,0,0,0,0,0,0,0,0,0,0,0,0,169,4,109.4,5,2,40,"-",187,12,82,226
"freeze-dried fruit",19.6,25,2,80,399,13,,,,133,5000,8,11,1,0,0,0,0,0,0,0,0,0,0,0,0,189,5,110.8,5,2,40,174,"-",12,85,243
"freeze dried mixed berries",,,4,1005,374,-13,,,,140,372,8,1,1,1,1,0,0,0,0,0,0,57,1,213,5,199,6,122.3,6,2,51,102,169,8,182,222
"dried strawberry powder",59.3,50,7,891,369,-5,1.17,0.74,1.45,89,414,8,20,1,1,1,0,0,0,0,0,0,17,1,106,2,190,5,123.6,5,2,83,"-",280,69,182,4
"freeze dried fruit for drinks",,,"-",149,133,-10,,,,101,892,8,0,1,1,0,0,0,0,0,0,0,46,1,0,0,0,0,128.2,5,2,59,275,"-",5,265,37
"dried berries no sugar added",44.1,33.3,7,462,396,-15,1.41,1.16,1.68,145,858,8,0,1,0,1,0,0,0,0,0,0,0,0,376,1,0,0,144,6,2,45,139,278,11,172,219
"freeze dried berries",33.1,16.7,22,892,773,5,1.14,0.8,1.35,158,867,11,1,1,0,1,0,0,0,0,0,0,0,0,74,6,280,7,144.5,6,2,24,109,249,3,258,224
"freeze dried berry powder",,,"-",342,177,-1,,,,77,518,8,1,1,0,1,0,0,0,0,0,0,0,0,89,1,0,0,149.6,5,2,231,"-",187,79,241,10
"frutas deshidratadas",25.4,50,2,756,390,-1,1.14,0.85,1.16,238,516,8,0,1,1,1,0,0,0,0,0,0,4,1,99,1,232,5,153.4,5,2,91,212,"-",12,193,259
"freeze dried bananas",37.4,33.1,123,7847,2982,-6,0.88,0.65,1.07,227,380,29,5,1,1,1,0,0,0,0,0,0,2,1,392,1,286,6,156.8,5,2,109,15,285,168,207,"-"
"freeze dried",15.2,12,129,217,4342,-5,1.03,0.69,1.37,325,20000,40,32,1,0,1,0,0,0,0,0,0,0,0,30,7,0,0,158,5,2,33,"-",297,12,259,189
"dehydrated fruits",30,33.3,4,92,369,-25,1.14,0.83,1.51,170,4000,8,0,1,0,0,0,0,0,0,0,0,0,0,0,0,0,0,161.8,5,2,118,227,"-",15,207,242
"freeze dried grapes",56.7,50,8,2111,456,9,1,0.83,1.26,96,216,8,0,1,0,1,0,0,0,0,0,0,0,0,389,1,0,0,72,2,1.6,"-","-","-",14,130,"-"
"dried apples no sugar added",44.9,38.5,7,1128,468,-24,0.87,0.76,1.08,158,415,8,4,1,0,1,0,0,0,0,0,0,0,0,568,1,0,0,75,2,1.6,"-",12,"-","-",138,"-"
"berries frozen",51.4,40,1,2127,470,-12,1.07,0.72,1.24,151,221,8,0,1,0,0,0,0,0,0,0,0,0,0,0,0,0,0,107,4,1.6,86,220,"-",11,"-",111
"dried fruit for drinks",32,33.3,"-",48,289,-23,,,,121,6000,8,0,1,0,0,0,0,0,0,0,0,0,0,0,0,0,0,112.3,4,1.6,150,209,"-",7,"-",83
"freeze dried fruits",32.8,6.7,14,129,773,-1,1.1,0.86,1.47,183,6000,11,0,1,0,0,0,0,0,0,0,0,0,0,0,0,170,4,116.8,4,1.6,30,"-","-",14,140,283
"freeze dried fruit organic",30,16.7,3,332,332,-9,1.04,0.81,1.27,129,1000,8,0,1,1,1,0,0,0,0,0,0,6,1,162,3,0,0,117.3,4,1.6,3,251,"-",53,"-",162
"dried fruit for oatmeal",,,"-",273,273,-1,,,,137,1000,8,0,1,0,0,0,0,0,0,0,0,0,0,0,0,146,3,135.8,4,1.6,109,249,"-",6,"-",179
"organic freeze dried fruit",20.2,8,23,714,714,7,1.05,0.78,1.37,140,1000,10,0,1,1,1,0,0,0,0,0,0,2,1,176,6,0,0,139,4,1.6,1,286,"-",39,"-",230
"frozen fruit",27.3,21.5,186,88612,80903,9,0.7,0.47,0.83,291,913,123,9,1,1,1,0,0,0,0,0,0,7,1,213,6,113,2,148,4,1.6,265,"-","-",10,137,180
"fruta deshidratada",,,1,2157,399,4,,,,126,185,8,0,1,1,1,0,0,0,0,0,0,24,1,566,1,0,0,101.3,3,1.2,120,"-","-",5,179,"-"
"organic strawberry",75.7,64.1,2,1085,909,-10,0.81,0.68,1.06,148,838,12,11,1,1,1,0,0,0,0,0,0,8,2,84,5,0,0,103.7,3,1.2,14,"-","-",107,"-",190
"liofilizado fruit",,,"-",312,194,112,,,,43,621,8,0,1,0,0,0,0,0,0,0,0,0,0,0,0,139,3,111,3,1.2,19,"-","-","-",301,13
"freeze dried fruit powder",23.4,26.9,27,1581,1366,-7,1.17,0.86,1.67,257,864,26,1,1,0,1,0,0,0,0,0,0,0,0,138,3,283,4,114.7,3,1.2,211,"-","-",132,"-",1
"freeze dried powder",,,4,135,270,-9,1.46,1.15,1.83,152,2000,8,2,1,0,1,0,0,0,0,0,0,0,0,97,1,0,0,126,3,1.2,172,"-","-",197,"-",9
"dried organic fruit",,,"-",27,270,188,,,,72,10000,8,0,1,0,1,0,0,0,0,0,0,0,0,509,1,0,0,132,3,1.2,11,"-","-",125,"-",260
"frizen fruit",32.1,15.4,1,863,422,-1,1.73,1.26,2.1,85,489,8,0,1,0,0,0,0,0,0,0,0,0,0,0,0,101,2,140,3,1.2,297,"-","-",4,119,"-"
"dry berries",,,"-",13,130,35,,,,84,10000,8,0,1,0,1,0,0,0,0,0,0,0,0,59,1,0,0,150.3,3,1.2,196,245,"-",10,"-","-"
"organic dried fruit",20.1,16.7,47,134,1340,-1,1.01,0.69,1.39,278,10000,26,2,1,0,1,0,0,0,0,0,0,0,0,82,2,0,0,172,3,1.2,13,270,"-",233,"-","-"
"dragon fruit dried",,,"-",1007,272,11,,,,132,270,8,0,1,1,1,0,0,0,0,0,0,1,1,200,1,0,0,96.5,2,0.8,"-",9,"-","-","-",184
"dry dragon fruit",54.1,57.2,"-",1071,285,2,1.08,0.76,1.27,105,266,8,0,1,0,0,0,0,0,0,0,0,0,0,0,0,0,0,100.5,2,0.8,"-",14,"-","-","-",187
"freeze dried pineapple",33.5,26.8,73,4620,1825,-2,0.8,0.59,1.07,175,395,30,10,1,1,0,0,0,0,0,0,0,5,1,0,0,0,0,111.5,2,0.8,214,9,"-","-","-","-"
"dried dragon fruit",39.7,35.5,20,4672,1210,13,1.1,0.79,1.38,202,259,32,21,1,1,0,0,0,0,0,0,0,2,1,0,0,0,0,119,2,0.8,"-",9,"-","-","-",229
"dried fruit organic",,,10,36,355,16,1.65,1.09,2.03,182,10000,8,0,1,0,0,0,0,0,0,0,0,0,0,0,0,0,0,126.5,2,0.8,14,"-","-",239,"-","-"
"powdered strawberry powder",,,"-",100,300,24,,,,82,3000,8,0,1,1,1,0,0,0,0,0,0,21,1,156,1,0,0,130.5,2,0.8,255,"-","-","-","-",6
"fruit powder",26.2,20,35,81,1611,-2,1.25,0.82,1.59,317,20000,33,20,1,0,1,0,0,0,0,0,0,0,0,184,2,0,0,137,2,0.8,272,"-","-","-","-",2
"fruit berries",,,"-",15,298,28,,,,109,20000,8,0,1,0,0,0,0,0,0,0,0,0,0,0,0,0,0,140.5,2,0.8,273,"-","-",8,"-","-"
"dehydrated fruit",18.7,7.7,67,1087,4346,-1,1.08,0.69,1.45,250,4000,30,1,1,0,1,0,0,0,0,0,0,0,0,109,6,0,0,227.8,5,0,288,302,"-",9,267,273