"Keyword Phrase","ABA Total Click Share","ABA Total Conv. Share","Keyword Sales","Cerebro IQ Score","Search Volume","Search Volume Trend","H10 PPC Sugg. Bid","H10 PPC Sugg. Min Bid","H10 PPC Sugg. Max Bid","Sponsored ASINs","Competing Products","CPR","Title Density","Organic","Sponsored Product","Amazon Recommended","Amazon Choice","Highly Rated","Sponsored Brand Header","Sponsored Brand Video","Top Rated From Our Brand","Trending Now","Sponsored Rank (avg)","Sponsored Rank (count)","Amazon Recommended Rank (avg)","Amazon Recommended Rank (count)","Position (Rank)","Relative Rank","Competitor Rank (avg)","Ranking Competitors (count)","Competitor Performance Score","B092JKL38K","B0B7KCJY32","B0C9PLML31","B0CWPR2NH6","B0BT4F218J","B0CKKHWGLM","B08N5FH62J","B0D8VVDH5K","B0861DLNRJ"
"strawberry freeze dried",42,66.7,11,615,424,-11,0.91,0.69,1.17,128,689,8,0,1,1,1,0,0,1,1,0,0,13,6,174,2,1,1,14.1,9,10,6,9,4,15,13,12,39,10,19
"strawberries freeze dried",,,"-",416,303,-4,1.48,1.12,1.87,92,728,8,0,1,1,0,0,0,1,1,0,0,8,5,0,0,1,1,15.2,9,10,5,13,4,11,12,27,41,8,16
"dried freeze strawberries",,,"-",317,204,-3,,,,71,643,8,0,1,1,0,0,0,1,0,0,0,18,5,0,0,1,1,15.7,9,10,4,16,5,12,22,27,33,7,15
"freeze-dried strawberries",44.7,50,19,858,470,-10,1.31,0.97,1.5,116,548,8,4,1,1,0,0,0,1,1,0,0,10,7,0,0,1,1,15.9,9,10,6,13,7,23,26,19,36,5,8
"freeze dried strawberries bulk",41.8,33.3,26,1420,909,19,1.13,0.84,1.32,137,640,12,0,1,1,1,0,0,1,0,0,0,13,8,155,7,1,1,15.9,9,10,8,9,15,13,26,27,23,4,18
"freez dried apples",,,"-",367,159,5,,,,50,433,8,0,1,1,1,0,0,0,0,0,0,6,4,140,2,39,7,8.3,6,8,10,2,"-",7,4,"-",21,"-",6
"freeze dried apples",28.4,24.4,113,6441,2686,8,0.78,0.67,0.8,254,417,28,2,1,1,1,0,0,1,1,0,0,12,6,180,1,55,7,8.8,6,8,9,2,"-",11,4,"-",24,"-",3
"freeze dried apple slices",30.1,20,23,3498,773,26,0.79,0.68,0.83,78,221,11,5,1,1,1,0,0,1,0,0,0,7,4,143,4,21,6,10.2,6,8,5,10,"-",7,2,"-",28,"-",9
"freeze dried apples bulk",40.5,55.6,6,1040,390,13,1.17,0.86,1.46,95,375,8,0,1,1,1,0,0,0,0,0,0,5,4,137,5,55,7,11.3,6,8,9,10,"-",8,5,"-",32,"-",4
"freeze dried strawberry",33.3,30.8,39,1340,847,-7,1.15,0.84,1.39,109,632,11,5,1,1,1,0,0,1,1,0,0,15,8,150,7,1,1,16.4,9,8,6,14,8,17,18,22,39,9,15
"freezedried strawberry",29.7,12.5,11,927,445,-9,0.98,0.7,1.17,135,480,8,0,1,1,1,0,0,1,1,0,0,14,7,172,6,1,1,16.9,9,8,4,9,3,18,45,27,28,12,6
"freeze dried strawberries organic",59.6,42.1,11,1045,422,-12,1.13,0.83,1.44,148,404,8,1,1,1,1,0,0,1,1,0,0,7,6,132,2,2,2,16.9,9,8,6,17,1,26,28,4,36,13,21
"freeze dry strawberry",,,"-",169,169,-29,,,,80,1000,8,0,1,1,1,0,0,1,1,0,0,7,7,458,1,1,1,17.8,9,8,7,14,3,19,17,43,30,5,22
"strawberry chips",36,33.3,7,1810,371,36,0.97,0.73,1.06,74,205,8,1,1,1,1,0,0,1,0,0,0,15,4,283,4,1,1,18.1,8,8,5,3,7,13,8,"-",15,55,39
"dried strawberries 365",,,"-",1023,219,17,,,,4,214,8,0,1,0,0,0,0,0,0,0,0,0,0,0,0,2,1,18.8,9,8,9,14,5,21,52,10,35,8,15
"simply nature freeze dried strawberries",,,4,1719,337,18,,,,75,196,8,0,1,1,1,0,0,0,1,0,0,6,5,208,3,9,3,19,9,8,8,16,17,7,20,21,10,13,59
"nutristore freeze dried strawberries",,,"-",900,153,-13,1.24,1.03,1.63,32,170,8,0,1,1,1,0,0,0,1,0,0,10,4,284,1,2,2,19.3,9,8,8,32,4,20,48,30,24,7,1
"freeze dry strawberries",30.2,,7,701,433,-5,0.95,0.64,1.19,108,618,8,0,1,1,1,0,0,1,1,0,0,12,4,155,4,1,1,19.8,9,8,5,17,7,24,19,54,26,8,18
"dry strawberry fruit",,,"-",149,297,10,0.94,0.71,1.15,133,2000,8,2,1,1,1,0,0,1,0,0,0,16,6,104,4,3,1,21,9,8,18,9,15,34,6,32,38,14,23
"freeze dried organic strawberries",,,"-",652,242,-28,,,,168,371,8,0,1,1,0,0,0,1,1,0,0,21,7,0,0,3,2,21.2,9,8,9,28,1,38,36,4,31,26,18
"freezer dried strawberries",,,3,544,325,35,,,,133,597,8,0,1,1,1,0,0,1,0,0,0,11,7,198,6,2,1,21.4,9,8,4,26,5,15,62,17,34,10,20
"free dried strawberries",,,"-",249,128,48,,,,95,514,8,0,1,1,1,0,0,1,0,0,0,18,5,246,2,1,1,21.6,9,8,4,22,5,30,49,21,33,14,16
"organic freeze dried strawberries",47.4,42.6,39,2908,1163,-9,1.16,0.86,1.54,270,400,26,1,1,1,1,0,0,1,1,0,0,14,8,377,2,5,3,21.9,9,8,11,29,1,43,28,4,31,24,26
"bulk freeze dried strawberries",47.6,14.3,6,677,482,7,1.12,0.84,1.32,140,712,9,1,1,1,0,0,0,1,1,0,0,14,7,0,0,1,1,22.1,9,8,20,23,19,13,43,27,38,4,12
"freeze dried strawberries",37.6,30.4,909,45094,30664,"-",1.13,0.78,1.45,174,680,67,21,1,1,0,0,0,1,0,0,0,7,9,0,0,1,1,22.3,9,8,8,21,5,36,25,22,56,9,19
"toddler freeze dried fruit",,,"-",840,168,-12,,,,121,200,8,0,1,1,0,0,0,1,0,0,0,19,5,0,0,9,3,22.5,8,8,2,23,20,12,7,"-",14,39,63
"dried strawberry",28.1,16,19,267,534,-7,1.06,0.82,1.37,121,2000,9,10,1,1,1,0,0,1,1,0,0,11,7,110,6,1,1,24.9,9,8,9,15,8,16,26,46,38,27,39
"natierra freeze dried strawberries",,,"-",1175,269,18,,,,47,229,8,0,1,1,0,0,0,1,1,0,0,8,6,0,0,7,2,25.8,9,8,8,28,5,17,38,25,33,15,63
"strawberries dried",,,5,93,279,-6,,,,99,3000,8,3,1,1,0,0,0,1,1,0,0,16,7,0,0,2,1,25.8,9,8,13,16,9,17,21,56,39,29,32
"crispy fruit strawberry",,,"-",666,195,22,,,,91,293,8,0,1,1,1,0,0,1,0,0,0,9,5,269,3,21,4,26,8,8,4,1,27,60,23,"-",33,46,14
"dried strawberries bulk",,,"-",134,268,-9,1.3,1.04,1.55,126,2000,8,1,1,1,1,0,0,1,0,0,0,7,6,219,4,1,1,26.8,9,8,15,21,14,19,40,62,42,17,11
"handful freeze dried fruit",,,"-",1165,297,27,,,,158,255,8,0,1,1,1,0,0,1,0,0,0,14,2,295,2,15,5,27.4,8,8,5,9,32,8,12,"-",38,37,78
"dry strawberries organic",,,"-",235,116,-43,,,,50,493,8,0,1,0,1,0,0,0,0,0,0,0,0,221,4,3,2,27.4,9,8,6,45,1,31,72,36,14,23,19
"freeze dried strawberries freeze-dried strawberries slices",,,"-",324,101,-32,,,,43,312,8,0,1,0,0,0,0,1,1,0,0,0,0,0,0,1,1,27.9,9,8,10,33,2,32,14,64,29,28,39
"dried strawberrries",,,"-",287,232,64,,,,73,807,8,0,1,1,0,0,0,1,0,0,0,13,6,0,0,1,1,28.3,9,8,14,11,15,39,35,41,49,34,17
"strawberry dried",,,"-",279,245,-24,,,,172,879,8,0,1,1,0,0,0,1,0,0,0,11,7,0,0,1,1,28.3,9,8,8,10,6,12,37,70,36,33,43
"crunchies freeze dried strawberries",,,"-",684,234,5,,,,107,342,8,0,1,1,0,0,0,1,1,0,0,11,5,0,0,6,3,28.3,9,8,4,5,14,10,17,85,25,18,77
"dehydrated strawberry",,,"-",462,164,-9,,,,86,355,8,4,1,1,0,0,0,1,1,0,0,12,6,0,0,1,1,29.6,9,8,18,22,3,27,63,48,43,17,25
"freeze dried apple sauce",,,"-",1625,234,-13,,,,76,144,8,0,1,1,1,0,0,0,0,0,0,3,2,158,1,0,0,19.3,6,6.4,12,10,"-",8,42,"-",38,"-",6
"freeze dried pears",57.6,45.8,15,2459,482,-1,0.78,0.59,1.06,74,196,9,0,1,1,0,0,0,1,0,0,0,11,4,0,0,176,7,19.3,6,6.4,3,2,"-",1,12,"-",76,"-",22
"crispy green freeze dried apples",,,"-",824,117,95,,,,30,142,8,0,1,0,1,0,0,1,0,0,0,0,0,191,2,0,0,22.5,6,6.4,6,1,"-",7,4,"-",66,"-",51
"freeze dried apple",38.9,45.5,13,1235,484,-6,0.81,0.73,0.89,86,392,9,6,1,1,1,0,0,1,0,0,0,15,5,123,7,61,7,23.1,7,6.4,6,1,"-",10,4,"-",27,106,8
"dehydrated apples",34.2,37.2,19,2729,644,11,0.82,0.7,0.84,88,236,10,8,1,1,1,0,0,0,0,0,0,7,3,159,2,0,0,29.3,6,6.4,18,12,"-",19,35,"-",79,"-",13
"brothers all natural fruit crisps",49.3,21.7,16,7594,486,-8,1.13,0.69,1.47,60,64,9,0,1,1,1,0,0,0,0,0,0,9,3,183,2,0,0,30.3,6,6.4,19,22,40,33,2,"-",66,"-","-"
"nutristore strawberries",,,"-",2825,113,-7,,,,0,40,8,0,1,0,0,0,0,0,1,0,0,0,0,0,0,2,2,3.3,4,6,"-","-",4,"-","-",5,"-",3,1
"treetop apple crisps",,,1,6189,328,"-",,,,33,53,8,0,1,1,0,0,0,0,0,0,0,12,3,0,0,0,0,11.3,4,6,16,9,"-",15,5,"-","-","-","-"
"crisp apples",,,"-",1271,136,-44,,,,19,107,8,2,1,1,0,0,0,0,0,0,0,8,4,0,0,0,0,11.3,4,6,9,6,"-",20,10,"-","-","-","-"
"tree top apple crisps",62.9,,2,9636,424,16,0.95,0.72,1.1,29,44,8,0,1,0,1,0,0,0,0,0,0,0,0,136,2,0,0,12.3,4,6,13,14,"-",18,4,"-","-","-","-"
"dry strawberries",37.7,19.2,25,764,713,-8,1.15,0.86,1.44,96,933,10,0,1,1,1,0,0,1,1,0,0,4,6,195,1,1,1,32.1,9,6,6,9,14,21,34,150,30,18,7
"freeze dried fruits",32.8,6.7,14,129,773,-1,1.1,0.86,1.47,183,6000,11,0,1,1,0,0,0,1,1,0,0,14,4,0,0,1,1,32.2,9,6,8,5,30,29,25,54,63,42,34
"natures turn freeze dried fruit",76.8,37.5,14,2483,360,2,1.28,1.18,1.32,78,145,8,0,1,1,1,0,0,1,0,0,0,9,3,128,3,7,4,32.9,8,6,2,5,"-",1,46,95,29,28,57
"freeze dried strawberries slices",42.9,33.3,12,1397,415,-18,1.1,0.77,1.34,119,297,8,2,1,1,0,0,0,1,1,0,0,12,7,0,0,1,1,33.1,9,6,7,52,2,48,20,89,33,22,25
"dried freeze fruit",,,"-",11,106,24,,,,94,10000,8,0,1,1,0,0,0,1,1,0,0,33,1,0,0,3,2,34.2,9,6,9,2,31,16,26,60,65,57,42
"freeze dried strawberry slices",38.3,33.3,24,2369,713,23,1.14,0.86,1.35,116,301,10,4,1,1,1,0,0,1,1,0,0,14,6,151,4,1,1,36,9,6,2,55,5,30,17,127,45,16,27
"organic dried strawberries",57.1,62.5,11,777,445,-5,0.97,0.68,1.24,92,573,8,5,1,1,1,0,0,1,1,0,0,13,3,144,2,9,2,36,9,6,13,47,2,33,89,12,53,34,41
"dried strawberries organic",,,"-",269,170,-19,0.96,0.69,1.24,157,631,8,1,1,1,1,0,0,0,0,0,0,16,5,454,2,13,2,36.6,9,6,20,49,2,34,90,16,48,38,32
"simple truth freeze dried fruit",,,"-",885,138,3,,,,29,156,8,0,1,1,0,0,0,1,0,0,0,6,1,0,0,12,1,37,8,6,15,32,24,58,25,"-",47,33,62
"freeze dried organic fruit",,,"-",229,229,2,,,,123,1000,8,0,1,1,0,0,0,1,1,0,0,21,3,0,0,19,4,37.7,9,6,4,29,1,24,100,14,58,75,34
"freeze dried strawberries whole",,,"-",345,122,-12,,,,42,354,8,0,1,1,0,0,0,1,1,0,0,12,3,0,0,8,2,38.9,9,6,30,39,25,35,75,56,43,1,46
"freeze-dried fruit",19.6,25,2,80,399,13,,,,133,5000,8,11,1,1,0,0,0,1,1,0,0,9,3,0,0,4,1,39,9,6,6,8,40,11,19,103,71,47,46
"fresas deshidratadas",,,"-",3097,288,9,,,,43,93,8,0,1,1,1,0,0,0,1,0,0,8,4,255,2,2,1,39.9,9,6,20,17,3,36,42,91,68,26,56
"dehydrated strawberries",29.7,36.3,70,4442,1839,-2,1.04,0.73,1.35,205,414,27,3,1,1,1,0,0,1,0,0,0,17,6,261,3,1,1,40.1,9,6,31,20,6,51,54,71,56,26,46
"organic freeze dried fruit",20.2,8,23,714,714,7,1.05,0.78,1.37,140,1000,10,0,1,1,1,0,0,0,0,0,0,8,4,144,7,8,2,40.4,9,6,15,40,1,30,77,16,67,68,50
"dried strawberries no sugar added",41.1,21.4,49,1973,1101,22,1.07,0.76,1.34,160,558,26,1,1,1,1,0,0,0,0,0,0,11,7,135,5,2,1,42.6,9,6,8,11,7,148,46,53,28,15,67
"crispy fruit freeze dried fruit",67.4,50,13,705,442,278,1.21,0.83,1.55,49,627,8,0,1,1,0,0,0,1,0,0,0,4,4,0,0,30,5,43.6,8,6,13,1,62,40,15,"-",99,93,26
"freeze dried fruit bulk",27.2,6.3,12,129,644,7,1.26,0.89,1.42,159,5000,10,0,1,1,1,0,0,1,0,0,0,15,4,73,9,1,1,43.7,9,6,12,2,34,46,70,113,88,18,10
"freezer dried fruit",,,1,56,279,5,,,,139,5000,8,0,1,1,1,0,0,0,1,0,0,7,4,117,7,2,1,43.8,9,6,6,7,74,18,27,137,25,71,29
"freeze dries fruit",,,"-",17,101,-16,,,,65,6000,8,0,1,1,0,0,0,1,1,0,0,5,4,0,0,1,1,44,9,6,4,8,40,24,25,104,80,49,62
"freeze fruit",,,"-",16,160,32,,,,63,10000,8,0,1,1,1,0,0,0,1,0,0,3,4,100,9,3,1,44.3,9,6,6,8,58,36,18,80,51,79,63
"dried strawberries",27.7,28.9,446,10504,8603,7,0.99,0.76,1.3,163,819,41,21,1,1,1,0,0,1,1,0,0,7,7,201,2,1,1,44.4,9,6,9,11,10,48,79,80,40,44,79
"freeze dried fruit no sugar added",,,"-",357,153,-50,0.99,0.76,1.2,130,429,8,0,1,1,0,0,0,0,1,0,0,11,4,0,0,1,1,44.6,9,6,11,2,12,20,68,152,26,23,87
"dry freeze fruit",,,"-",56,280,-12,,,,137,5000,8,0,1,1,1,0,0,0,1,0,0,6,4,153,2,1,1,45.1,9,6,3,8,80,6,36,123,63,64,23
"whole freeze dried strawberries",,,"-",701,234,7,,,,81,334,8,0,1,1,1,0,0,1,1,0,0,15,6,517,1,15,2,45.7,9,6,27,48,22,26,148,65,41,3,31
"bulk freeze dried fruit",38.5,,3,73,364,-6,1.23,0.97,1.41,136,5000,8,0,1,1,0,0,0,1,0,0,0,5,4,0,0,1,1,45.9,9,6,27,15,46,37,85,87,94,5,17
"freeze dried fruit variety pack",41.2,33.3,"-",157,103,-18,0.97,0.7,1.26,117,658,8,6,1,1,1,0,0,1,0,0,0,9,4,119,6,19,6,47.6,8,6,5,7,"-",14,16,167,13,57,102
"freeze dried fruit crisps",,,6,617,332,154,,,,12,538,8,2,1,1,1,0,0,1,1,0,0,6,5,253,4,26,5,48.3,8,6,3,7,102,4,6,"-",32,84,148
"dried strawberry slices",,,7,1096,355,-4,1.01,0.75,1.24,95,324,8,6,1,1,1,0,0,1,0,0,0,17,4,102,3,1,1,48.9,9,6,12,39,2,57,31,139,52,49,59
"so natural freeze dried fruit",56.4,33.3,9,1244,642,-23,1.22,0.89,1.42,169,516,10,0,1,1,1,0,0,1,0,0,0,3,3,217,5,6,1,49,9,6,7,52,56,23,29,107,21,77,69
"freeze dried fruit organic",30,16.7,3,332,332,-9,1.04,0.81,1.27,129,1000,8,0,1,1,1,0,0,0,1,0,0,4,3,180,3,17,3,49.8,9,6,9,64,3,31,40,23,120,64,94
"dehydrated strawberries bulk",,,"-",344,117,-6,,,,63,340,8,0,1,1,1,0,0,0,0,0,0,26,4,174,2,1,1,50.2,9,6,110,78,5,33,117,20,67,3,19
"freeze dried fruit",21.1,11,808,4746,23732,4,0.98,0.66,1.41,225,5000,56,10,1,1,1,0,0,1,1,0,0,9,6,48,10,1,1,51.2,9,6,9,8,75,18,22,87,107,78,57
"emergency essentials freeze dried fruit",,,4,1835,334,-41,,,,52,182,8,0,1,1,1,0,0,1,0,0,0,2,2,186,1,2,1,52.3,8,6,16,68,43,37,122,"-",110,12,10
"dehydrated strawberry slices",,,10,1042,250,"-",,,,24,240,8,4,1,1,1,0,0,0,1,0,0,16,3,219,2,1,1,54.8,9,6,8,54,4,73,139,160,18,10,27
"freeze dry fruit",26.3,28.6,7,87,433,4,1.03,0.84,1.32,108,5000,8,0,1,1,1,0,0,1,1,0,0,14,4,57,8,2,1,55.3,9,6,8,4,66,12,31,193,93,67,24
"strawverries",,,"-",321,295,-10,,,,166,919,8,0,1,1,0,0,0,0,0,0,0,12,4,0,0,2,1,55.8,8,6,43,65,14,46,"-",80,97,44,57
"crunchies freeze dried fruit",63.8,33.3,6,767,472,-10,0.91,0.66,1.15,101,615,8,0,1,1,1,0,0,0,0,0,0,4,3,216,4,39,6,57.8,8,6,7,5,65,38,18,"-",12,138,179
"freeze dried strawberries and bananas",46.7,33.3,4,1096,341,-8,,,,139,311,8,0,1,1,0,0,0,1,0,0,0,15,5,0,0,7,2,58,9,6,33,38,39,217,3,117,10,40,25
"freeze dried fruit snacks",40.7,30,6,154,463,-3,1.28,0.9,1.61,125,3000,8,2,1,1,1,0,0,1,1,0,0,7,5,85,3,15,5,60.2,9,6,4,5,89,6,9,242,24,93,70
"freeze dried fruit mix",,,"-",158,158,83,,,,61,1000,8,1,1,1,1,0,0,0,1,0,0,14,2,123,6,17,2,61.2,9,6,14,19,143,26,50,86,78,74,61
"freeze dried mixed fruit",,,"-",366,196,-23,0.77,0.66,0.95,84,535,8,0,1,1,1,0,0,1,0,0,0,9,1,137,6,34,4,61.8,9,6,10,12,81,24,43,118,73,84,111
"freeze dried smoothie",,,"-",168,149,11,,,,71,886,8,1,1,1,0,0,0,1,0,0,0,7,2,0,0,6,1,62.6,8,6,17,94,60,156,63,7,"-",45,59
"freeze dried whole strawberries",,,"-",599,218,83,,,,98,364,8,4,1,1,1,0,0,1,1,0,0,17,5,103,2,7,2,63.4,9,6,33,55,24,180,97,106,44,2,30
"organic fresh strawberries",,,"-",300,106,-53,,,,126,353,8,0,1,1,0,0,0,0,0,0,0,15,4,0,0,0,0,63.8,9,6,44,136,4,76,125,34,33,57,65
"yozz freeze dried yogurt with real strawberry bites",,,"-",3630,167,-30,0.81,0.63,0.85,9,46,8,0,1,0,0,0,0,0,0,0,0,0,0,0,0,0,0,16.2,5,4.8,22,"-","-",19,27,"-",5,8,"-"
"fuji apple fruit crisps",,,"-",2429,221,75,,,,57,91,8,0,1,1,0,0,0,1,0,0,0,8,4,0,0,0,0,16.2,5,4.8,29,9,"-",20,2,"-","-","-",21
"fresh bellies strawberries",,,"-",5757,213,-26,1.43,1.13,2,18,37,8,0,1,0,1,0,0,0,0,0,0,0,0,239,1,0,0,17.3,4,4.8,7,"-",3,"-","-","-",15,"-",44
"simply nature freeze dried",,,"-",1684,197,-11,,,,47,117,8,1,1,0,0,0,0,1,0,0,0,0,0,0,0,0,0,17.8,4,4.8,6,26,"-",10,29,"-","-","-","-"
"fuji apple chips",,,"-",1274,121,-22,,,,33,95,8,0,1,1,0,0,0,0,0,0,0,10,2,0,0,0,0,19.6,5,4.8,30,18,"-",26,4,"-","-","-",20
"crispy fruit apple",,,"-",825,160,58,,,,53,194,8,0,1,1,1,0,0,0,0,0,0,12,4,201,3,0,0,20.4,5,4.8,5,1,"-",17,3,"-",76,"-","-"
"cosmic crisp apples",82.5,79.9,18,175714,8610,8,0.56,0.52,0.97,111,49,34,0,1,1,0,0,0,0,0,0,0,12,3,0,0,0,0,21.8,4,4.8,28,20,"-",26,13,"-","-","-","-"
"ruh roh freeze dried strawberry shortcake",,,"-",1538,100,-52,,,,0,65,8,0,1,0,0,0,0,0,0,0,0,0,0,0,0,11,2,21.8,5,4.8,"-",24,"-","-",29,10,27,19,"-"
"fuji apple crisps",,,"-",1697,168,-33,,,,30,99,8,2,1,0,0,0,0,0,0,0,0,0,0,0,0,0,0,22.2,5,4.8,19,23,"-",39,3,"-","-","-",27
"bare crispy reds apple chips",,,10,7566,401,6,,,,38,53,8,0,1,1,0,0,0,0,0,0,0,5,2,0,0,0,0,22.5,4,4.8,19,9,"-",49,13,"-","-","-","-"
"freeze dried monk fruit",,,"-",705,134,76,,,,64,190,8,0,1,1,0,0,0,1,0,0,0,4,1,0,0,0,0,29.3,4,4.8,71,12,"-",11,"-","-",23,"-","-"
"healthy freeze dried food",,,"-",14,101,13,,,,86,7000,8,0,1,1,1,0,0,1,0,0,0,22,1,339,1,1,1,30,5,4.8,14,49,"-",33,35,"-","-","-",19
"apple chips unsweetened",,,"-",1221,138,37,,,,48,113,8,0,1,1,0,0,0,1,0,0,0,9,1,0,0,0,0,30.5,4,4.8,36,14,"-",55,17,"-","-","-","-"
"dried fruit packs",,,7,20,390,-2,,,,151,20000,8,0,1,1,1,0,0,1,0,0,0,4,3,119,1,190,6,30.6,5,4.8,16,12,"-",11,25,"-",89,"-","-"
"dried apples",25.5,26.2,180,4868,3641,15,0.95,0.71,1.36,200,748,31,8,1,1,1,0,0,1,1,0,0,6,4,387,2,0,0,33.2,6,4.8,25,9,"-",35,16,"-",81,"-",33
"berry well freeze dried",,,"-",669,178,71,,,,36,266,8,0,1,0,0,0,0,0,0,0,0,0,0,0,0,2,1,33.4,7,4.8,6,37,20,32,"-",39,90,"-",10
"dried apple",27.9,22,21,281,844,9,0.84,0.58,1.05,182,3000,11,15,1,1,1,0,0,0,0,0,0,11,4,93,6,176,7,33.5,6,4.8,20,10,"-",37,14,"-",82,"-",38
"freeze dried snacks for adults",,,1,483,238,40,,,,163,493,8,0,1,1,0,0,0,1,0,0,0,5,2,0,0,0,0,36,6,4.8,12,14,"-",28,29,"-",18,"-",115
"atrawberries",,,1,252,226,55,,,,96,897,8,0,1,1,0,0,0,0,0,0,0,10,3,0,0,3,1,36.7,7,4.8,56,35,8,50,"-",48,"-",32,28
"dried apples bare",,,"-",761,105,-31,,,,53,138,8,0,1,0,0,0,0,0,0,0,0,0,0,0,0,0,0,39.2,6,4.8,31,14,"-",42,13,"-",97,"-",38
"freeze dried fuji apples",,,"-",1476,248,54,,,,102,168,8,2,1,1,1,0,0,1,0,0,0,14,5,160,2,0,0,40.6,7,4.8,14,10,"-",20,4,"-",170,64,2
"frozen organic strawberries",80,66.7,1,2180,399,-27,0.85,0.5,1.01,106,183,8,0,1,1,0,0,0,1,1,0,0,11,3,0,0,0,0,40.8,6,4.8,136,"-",5,"-","-",8,55,13,28
"freeze dried fruit snack packs",,,"-",173,173,-4,,,,104,1000,8,2,1,1,1,0,0,0,0,0,0,9,4,121,3,11,4,41.4,7,4.8,10,4,"-",17,6,"-",14,111,128
"apple snacks",27.3,16.7,23,67,535,13,0.97,0.65,1.2,111,8000,9,0,1,1,0,0,0,1,0,0,0,6,3,0,0,0,0,43.5,6,4.8,33,11,"-",15,10,"-",120,"-",72
"freeze dried cantaloupe",,,"-",876,106,-30,,,,52,121,8,0,1,1,1,0,0,0,0,0,0,2,2,290,1,17,3,43.6,7,4.8,1,11,49,24,79,"-",53,"-",88
"dried apples slices",36.4,28.6,3,913,325,11,0.83,0.62,1.27,96,356,8,2,1,1,0,0,0,1,0,0,0,22,1,0,0,146,7,43.7,6,4.8,19,12,"-",47,18,"-",117,"-",49
"apple crisps",42.9,48,23,1617,482,"-",0.97,0.6,1.07,172,298,9,7,1,1,1,0,0,1,0,0,0,25,5,270,1,0,0,44,6,4.8,8,5,"-",12,7,"-",77,"-",155
"crisps dried fruit",,,"-",103,103,-35,,,,33,1000,8,0,1,1,0,0,0,0,0,0,0,9,3,0,0,93,7,44.1,7,4.8,3,20,84,7,2,"-",43,"-",150
"apple crisps snacks",44.7,20,26,1555,465,5,0.88,0.55,1.01,142,299,8,0,1,1,1,0,0,0,0,0,0,6,4,262,1,0,0,50.2,6,4.8,10,5,"-",13,4,"-",103,"-",166
"dried apple chips",32.4,32.3,25,2275,628,9,0.87,0.56,0.95,89,276,10,2,1,1,1,0,0,1,0,0,0,3,1,116,3,180,6,52.3,6,4.8,23,8,"-",26,7,"-",201,"-",49
"frozen sliced strawberries",,,1,1867,323,-19,0.82,0.62,1.02,44,173,8,1,1,1,1,0,0,1,0,0,0,7,5,315,2,2,1,52.9,7,4.8,90,55,7,66,"-","-",61,45,46
"crispy green freeze dried fruit",62.2,50,29,3945,714,16,1.25,0.81,1.53,95,181,10,1,1,1,1,0,0,1,0,0,0,5,4,85,3,0,0,56.3,6,4.8,28,1,"-",30,45,"-",173,"-",61
"dried fruit kids",,,"-",41,204,12,,,,0,5000,8,0,1,0,1,0,0,0,0,0,0,0,0,265,1,0,0,59.7,6,4.8,8,115,"-",42,3,"-",50,140,"-"
"fruit crisps",35.9,23.5,23,178,534,2,1.05,0.78,1.34,113,3000,9,19,1,1,1,0,0,1,0,0,0,16,4,309,3,136,7,61.1,7,4.8,6,7,123,13,2,"-",74,"-",203
"dried apple slices",34.2,18.3,59,4387,1588,88,0.84,0.65,1.06,122,362,31,15,1,1,1,0,0,0,0,0,0,9,2,133,3,158,7,61.4,7,4.8,22,12,178,42,20,"-",104,"-",52
"harvest snaps kids",48,33.3,5,1368,472,3,0.96,0.61,1.07,88,345,8,0,1,0,0,0,0,0,0,0,0,0,0,0,0,0,0,5,2,4,8,"-","-","-",2,"-","-","-","-"
"branch out crispy pineapple chips",,,2,8550,342,40,,,,12,40,8,0,1,1,0,0,0,0,0,0,0,4,2,0,0,0,0,8,2,4,11,5,"-","-","-","-","-","-","-"
"peak banana berry",,,"-",11500,207,-32,,,,0,18,8,0,1,0,0,0,0,0,0,0,0,0,0,0,0,0,0,8.7,3,4,"-",6,"-","-","-","-",12,"-",8
"freeze dried peach powder",63,60,8,1555,241,-8,,,,85,155,8,1,1,0,1,0,0,1,0,0,0,0,0,174,1,95,4,9,3,4,7,"-","-","-","-",8,"-","-",12
"فواكه مجففه بالتبريد",,,"-",2792,201,35,,,,23,72,8,0,1,0,0,0,0,0,0,0,0,0,0,0,0,0,0,9.3,3,4,"-",7,"-","-","-","-",16,5,"-"
"fresh bellies mango",,,"-",4450,178,"-",1.27,0.77,1.81,11,40,8,0,1,1,0,0,0,0,0,0,0,7,1,0,0,0,0,9.7,3,4,5,6,"-","-","-","-",18,"-","-"
"anthony's organic strawberry powder",,,"-",2945,215,50,,,,15,73,8,0,1,1,0,0,0,0,0,0,0,1,1,0,0,0,0,10.5,2,4,"-","-",20,"-","-",1,"-","-","-"
"crispy peaches chinese",,,"-",5818,128,10,,,,0,22,8,0,1,0,0,0,0,0,0,0,0,0,0,0,0,0,0,11.5,2,4,9,14,"-","-","-","-","-","-","-"
"turns",,,"-",3,278,103,0.57,0.43,0.62,54,100000,8,0,1,0,0,0,0,0,0,0,0,0,0,0,0,0,0,12.5,2,4,8,"-","-",17,"-","-","-","-","-"
"driscoll strawberries",81.5,80,1,5220,308,-5,0.85,0.57,0.96,20,59,8,0,1,1,0,0,0,0,0,0,0,4,2,0,0,0,0,13.5,2,4,"-","-",6,"-","-","-","-",21,"-"
"dole good crunch",84.4,100,"-",7675,307,39,1.22,1.11,1.7,32,40,8,0,1,1,0,0,0,0,0,0,0,6,3,0,0,0,0,14,3,4,13,7,"-","-",22,"-","-","-","-"
"straberries",73.3,66.7,1,447,410,-6,0.82,0.62,1,132,918,8,0,1,1,0,0,0,0,0,0,0,9,3,0,0,6,1,64.3,8,4,47,58,15,49,"-",80,60,155,50
"liofilizado fruit",,,"-",312,194,112,,,,43,621,8,0,1,1,0,0,0,1,0,0,0,11,2,0,0,0,0,64.5,8,4,88,38,19,9,2,66,18,"-",276
"organic dried strawberries no sugar added",,,"-",341,124,-5,,,,43,364,8,0,1,1,0,0,0,0,0,0,0,16,4,0,0,16,3,64.8,9,4,18,44,2,162,78,5,31,39,204
"freeze dried raspberry pieces",,,"-",1050,233,-4,,,,70,222,8,5,1,1,0,0,0,1,0,0,0,18,2,0,0,43,4,69.9,8,4,8,59,37,71,178,"-",132,60,14
"fruit crisps freeze dried",,,5,756,332,70,,,,74,439,8,0,1,1,1,0,0,1,0,0,0,3,4,125,1,27,5,71.3,8,4,3,6,153,5,4,"-",72,122,205
"freeze dried bananas bulk",,,"-",462,152,-28,,,,30,329,8,0,1,1,1,0,0,1,0,0,0,5,3,221,5,20,5,72,8,4,17,8,"-",161,19,158,68,144,1
"dehydrated strawberries sliced",,,"-",743,130,61,0.97,0.84,1.15,31,175,8,0,1,1,1,0,0,1,0,0,0,5,3,198,2,1,1,73.7,9,4,35,89,3,56,115,107,146,61,51
"freeze dried raspberries organic",,,"-",482,158,-24,,,,95,328,8,0,1,1,0,0,0,1,0,0,0,18,1,0,0,57,5,74.6,9,4,11,122,49,115,142,51,91,82,8
"freeze dried berries",33.1,16.7,22,892,773,5,1.14,0.8,1.35,158,867,11,1,1,1,1,0,0,1,1,0,0,18,4,146,9,2,1,75.9,9,4,14,108,24,87,242,74,89,30,15
"freeze dried bananas",37.4,33.1,123,6919,2982,-6,0.88,0.65,1.07,227,431,29,5,1,1,1,0,0,1,0,0,0,11,4,263,1,30,4,80.3,9,4,8,3,109,131,45,179,90,153,5
"freeze dried watermelon",50,22.2,3,2586,644,-10,0.87,0.64,1.28,132,249,10,7,1,1,1,0,0,1,0,0,0,13,4,236,2,73,4,82.3,9,4,9,44,69,89,134,105,130,77,84
"freeze dried mangoes",48.3,41.7,13,693,380,7,0.83,0.59,1.11,171,548,8,3,1,1,0,0,0,1,0,0,0,29,4,0,0,73,5,83.5,8,4,68,1,149,144,168,"-",8,125,5
"strawberry freeze dried powder",,,14,943,381,11,,,,93,404,8,0,1,1,0,0,0,0,0,0,0,7,2,0,0,35,2,88.3,9,4,68,78,66,115,134,4,92,64,174
"freeze dried raspberry",61.5,77.8,11,914,403,"-",1.15,0.86,1.53,113,441,8,11,1,1,1,0,0,1,0,0,0,24,2,299,2,50,3,91.2,9,4,20,99,124,111,156,109,94,104,4
"freeze dried banana",39.5,30.4,19,1552,571,-7,0.97,0.7,1.08,115,368,9,12,1,1,1,0,0,1,0,0,0,6,3,267,7,62,4,91.6,9,4,7,4,132,183,72,153,104,161,8
"freeze dried organic foods",,,"-",226,226,-19,,,,77,1000,8,0,1,1,0,0,0,1,0,0,0,15,2,0,0,4,1,92.5,8,4,45,"-",18,146,127,12,279,88,25
"freeze dried mango",36.7,31.1,134,4771,2686,-3,1.16,0.83,1.62,202,563,34,19,1,1,1,0,0,1,0,0,0,17,4,213,4,66,4,94.8,8,4,112,2,178,90,227,"-",15,129,5
"freeze-dried raspberries",53.3,28.6,9,789,302,210,,,,121,383,8,4,1,1,0,0,0,1,0,0,0,14,2,0,0,69,3,95.2,9,4,12,143,121,110,165,76,102,120,8
"snacks dried fruit",,,"-",16,156,3,1.23,0.79,1.79,156,10000,8,1,1,1,0,0,0,1,0,0,0,7,1,0,0,59,5,32.4,5,3.6,18,15,"-",33,30,"-",66,"-","-"
"organic fuji apples",91.2,88.7,6,44754,3088,14,0.54,0.42,0.91,135,69,28,0,1,1,0,0,0,0,0,0,0,6,3,0,0,0,0,32.5,4,3.6,37,69,"-","-",14,"-","-","-",10
"organic fuji",90.2,82.9,1,5144,463,-2,0.78,0.54,1.16,26,90,8,3,1,1,0,0,0,0,0,0,0,4,2,0,0,0,0,33.8,4,3.6,68,33,"-","-",19,"-","-","-",15
"dried fruit baby",,,"-",362,112,-55,,,,84,309,8,1,1,1,0,0,0,0,0,0,0,7,2,0,0,0,0,34.4,5,3.6,22,52,59,31,8,"-","-","-","-"
"apple chips individual bags",,,"-",1401,206,-39,1.23,0.77,1.3,42,147,8,0,1,0,1,0,0,0,0,0,0,0,0,270,1,0,0,35.5,4,3.6,19,9,"-",106,8,"-","-","-","-"
"dried pear",40.7,50,8,651,226,-6,,,,181,347,8,4,1,1,1,0,0,0,0,0,0,14,3,215,1,0,0,35.5,4,3.6,16,9,"-",13,104,"-","-","-","-"
"freeze dried fruit emergency preparedness",,,"-",475,103,-30,,,,61,217,8,0,1,1,0,0,0,0,0,0,0,24,3,0,0,3,1,36.4,5,3.6,61,"-","-",39,"-","-",49,22,11
"simple slices apple chips",86.9,55.6,7,4559,424,16,0.91,0.7,0.92,45,93,8,0,1,1,1,0,0,0,0,0,0,7,3,449,1,0,0,39.3,4,3.6,20,"-","-",40,10,"-","-","-",87
"rind apple chips",,,"-",2956,269,26,,,,32,91,8,1,1,1,0,0,0,0,0,0,0,8,3,0,0,0,0,39.5,4,3.6,67,10,"-",68,13,"-","-","-","-"
"pear's snacks",,,"-",190,124,17,,,,36,653,8,0,1,0,0,0,0,0,0,0,0,0,0,0,0,0,0,40,4,3.6,22,25,"-",13,100,"-","-","-","-"
"apple fruit snacks",,,"-",27,135,-30,,,,57,5000,8,0,1,1,1,0,0,0,0,0,0,7,1,264,1,0,0,40.2,5,3.6,26,11,"-",22,9,"-",133,"-","-"
"apple chip",,,"-",265,169,-24,1.23,0.69,1.45,141,638,8,0,1,1,1,0,0,0,0,0,0,15,2,223,2,0,0,41.6,5,3.6,23,7,"-",54,13,"-","-","-",111
"dried fruit individual packs",36.6,20,18,443,443,-3,1.41,0.94,1.76,189,1000,8,0,1,1,1,0,0,0,0,0,0,22,3,200,3,131,6,44.4,5,3.6,44,42,"-",13,38,"-",85,"-","-"
"sliced strawberries",46.1,60,1,2679,351,-13,1.45,1.12,1.82,39,131,8,8,1,1,1,0,0,1,0,0,0,5,2,101,2,1,1,46.8,4,3.6,"-","-",3,72,"-","-","-",59,53
"freeze dried jack fruit chips",,,"-",2717,288,-24,,,,36,106,8,0,1,1,0,0,0,1,0,0,0,6,1,0,0,0,0,47.2,5,3.6,15,26,"-",53,54,"-","-","-",88
"fruit for thought dried mango",,,"-",718,216,15,,,,101,301,8,0,1,1,0,0,0,0,0,0,0,3,1,0,0,0,0,48,4,3.6,75,8,"-","-","-","-",12,"-",97
"nature's finest dried mango",,,"-",1440,301,19,,,,78,209,8,0,1,1,0,0,0,0,0,0,0,6,2,0,0,0,0,48.3,4,3.6,5,47,"-","-","-","-",45,"-",96
"frozen strawberry banana",,,"-",3034,270,10,,,,71,89,8,0,1,1,0,0,0,0,0,0,0,5,2,0,0,0,0,48.5,4,3.6,24,"-",67,"-",12,"-","-","-",91
"apple chips snack bags",40.6,33.3,60,5581,1373,28,0.88,0.52,1.07,226,246,26,0,1,1,1,0,0,0,0,0,0,22,1,206,3,0,0,48.8,5,3.6,23,10,"-",41,13,"-",157,"-","-"
"freeze dried pineapple chunks",31.4,25,"-",1029,248,-23,0.94,0.8,1.08,82,241,8,2,1,1,1,0,0,1,0,0,0,8,3,189,2,0,0,49.8,5,3.6,25,4,"-",177,"-","-",34,"-",9
"freeze dried oranges",53.2,20,11,1306,452,-1,0.89,0.69,1.02,150,346,8,0,1,1,1,0,0,1,0,0,0,23,3,330,3,0,0,50.8,4,3.6,36,3,"-",76,"-","-","-","-",88
"apple crisp",29.6,18.2,8,3000,909,26,0.83,0.63,1.25,74,303,12,10,1,1,1,0,0,1,0,0,0,11,2,97,3,0,0,50.8,5,3.6,21,9,"-",23,14,"-","-","-",187
"dried pears",39.3,33.3,18,2044,844,-4,0.89,0.71,0.97,87,413,11,15,1,1,0,0,0,0,0,0,0,8,3,0,0,0,0,55,4,3.6,11,7,"-",20,182,"-","-","-","-"
"freeze dried banana powder",47.9,18.2,9,1980,390,-4,0.87,0.72,1.06,101,197,8,4,1,1,0,0,0,1,0,0,0,23,3,0,0,218,6,58,5,3.6,43,38,"-","-","-",11,166,"-",32
"dry banana",,,"-",220,105,-63,,,,85,478,8,0,1,0,1,0,0,1,0,0,0,0,0,233,1,0,0,59.8,5,3.6,13,20,"-","-",95,"-",155,"-",16
"healthy banana chips",,,"-",227,121,-7,,,,12,533,8,2,1,0,0,0,0,1,0,0,0,0,0,0,0,177,5,61,4,3.6,12,47,"-","-",67,"-",118,"-","-"
"bananas",69.4,65.5,869,512154,380018,20,0.81,0.52,1.12,259,742,480,11,1,1,0,0,0,1,0,0,0,16,3,0,0,0,0,62.2,5,3.6,21,14,"-","-",101,"-",142,"-",33
"strawberry pastry crisps",,,7,7135,371,-11,,,,32,52,8,2,1,0,0,0,0,1,0,0,0,0,0,0,0,0,0,17.5,2,3.2,14,"-","-",21,"-","-","-","-","-"
"shari's berries strawberries for delivery prime",,,"-",8676,295,47,,,,13,34,8,0,1,0,0,0,0,0,0,0,0,0,0,0,0,0,0,18.5,2,3.2,"-","-",24,"-","-","-","-",13,"-"
"frozen strawberries whole",,,"-",1026,118,-1,,,,34,115,8,0,1,1,0,0,0,0,1,0,0,5,3,0,0,0,0,19.5,2,3.2,"-","-",35,"-","-","-","-",4,"-"
"crispy green",53,55.6,10,4085,433,-9,0.79,0.74,0.84,82,106,8,4,1,1,1,0,0,1,0,0,0,13,3,100,3,0,0,22.5,2,3.2,43,2,"-","-","-","-","-","-","-"
"nopainapple",,,"-",948,181,97,,,,21,191,8,0,1,0,0,0,0,0,0,0,0,0,0,0,0,0,0,23,2,3.2,"-",3,"-","-","-","-",43,"-","-"
"dried kiwi no sugar added",61.8,47.4,13,2801,465,-13,0.98,0.73,1.19,53,166,8,2,1,1,0,0,0,0,0,0,0,9,1,0,0,0,0,23,2,3.2,6,40,"-","-","-","-","-","-","-"
"anthony's strawberry powder",,,"-",4167,300,132,1.53,0.81,1.84,23,72,8,0,1,1,0,0,0,0,0,0,0,1,1,0,0,0,0,25,2,3.2,"-","-",49,"-","-",1,"-","-","-"
"amara fruit bites",91.9,60,10,15483,449,-14,1.59,0.97,1.87,12,29,8,0,1,0,0,0,0,0,0,0,0,0,0,0,0,0,0,25,2,3.2,13,"-","-","-",37,"-","-","-","-"
"try strawberry",97.2,20,7,5527,713,"-",1.18,0.88,1.42,23,129,10,0,1,1,0,0,0,1,0,0,0,8,1,0,0,0,0,25.5,2,3.2,"-","-","-","-","-","-","-",14,37
"moana fruit snacks",93.6,92,21,5481,422,-8,0.93,0.5,1.21,48,77,8,0,1,0,0,0,0,0,0,0,0,0,0,0,0,0,0,30.3,3,3.2,42,"-","-",36,13,"-","-","-","-"
"organic freeze dried",,,"-",63,125,52,,,,101,2000,8,5,1,1,1,0,0,1,0,0,0,8,1,309,2,15,3,67.1,7,3.2,59,"-",2,"-",79,6,179,90,55
"organic apple chips",53.3,50,"-",1487,293,-18,,,,126,197,8,3,1,1,1,0,0,0,0,0,0,22,1,196,1,173,7,68.2,6,3.2,17,13,"-",49,9,"-",163,"-",158
"crisp apple",66.7,40,"-",671,232,-30,0.84,0.64,1.11,102,346,8,6,1,1,0,0,0,1,0,0,0,15,4,0,0,0,0,73.5,6,3.2,19,7,"-",24,15,"-",191,"-",185
"dry fruit snacks",18.1,20,11,79,792,-8,1.18,0.81,1.52,187,10000,11,0,1,1,1,0,0,0,0,0,0,9,3,27,5,66,6,74.7,6,3.2,15,30,242,53,52,"-",56,"-","-"
"essentials dried fruit",,,3,81,325,21,,,,63,4000,8,0,1,1,0,0,0,1,0,0,0,5,3,0,0,2,1,75.1,7,3.2,7,165,47,140,142,"-","-",12,13
"dried bananas no sugar added",,,"-",523,238,-18,,,,125,455,8,0,1,1,0,0,0,0,0,0,0,26,2,0,0,116,6,76.6,7,3.2,38,12,"-",152,65,191,47,"-",31
"crispy fruit",50.8,36.1,77,791,1582,1,0.88,0.59,1.04,256,2000,28,6,1,1,1,0,0,1,0,0,0,16,5,202,5,196,8,76.6,7,3.2,20,1,"-",56,34,"-",156,165,104
"freeze dried grapes",56.7,50,8,2054,456,9,1,0.83,1.26,96,222,8,0,1,1,1,0,0,1,0,0,0,13,2,215,4,9,1,79.4,7,3.2,15,36,"-",49,148,"-",160,71,77
"dehydrated bananas",36.2,40,19,1932,456,-5,1.22,1.17,1.51,142,236,8,3,1,1,1,0,0,0,0,0,0,24,3,261,1,142,6,79.5,6,3.2,4,10,"-",222,135,"-",90,"-",16
"apple slices snack packs",64.2,60,2,3436,907,153,1.06,0.7,1.36,126,264,12,0,1,0,1,0,0,0,0,0,0,0,0,221,2,0,0,81.5,6,3.2,18,23,"-",29,9,"-",177,"-",233
"apple chips",33.9,29.2,430,17510,7354,26,0.83,0.49,1.09,194,420,39,20,1,1,1,0,0,1,0,0,0,11,4,125,2,0,0,83.2,6,3.2,49,11,"-",84,10,"-",182,"-",163
"freeze dried banana chips",34.2,28.6,10,1965,454,19,1.45,1.09,1.56,97,231,8,3,1,1,1,0,0,1,0,0,0,10,4,233,4,181,6,85.9,7,3.2,4,3,"-",194,70,216,96,"-",18
"dried fruit snack",,,"-",15,149,9,,,,86,10000,8,4,1,1,1,0,0,0,0,0,0,13,2,90,7,104,5,90,7,3.2,16,13,138,34,78,"-",180,"-",171
"freeze dried pineapple",33.5,26.8,73,4620,1825,-2,0.8,0.59,1.07,175,395,30,10,1,1,1,0,0,1,0,0,0,13,4,171,2,120,6,90.7,7,3.2,105,4,214,225,52,"-",25,"-",10
"strawberry snacks",22.1,11.8,16,64,573,-22,1.07,0.74,1.34,153,9000,9,0,1,1,1,0,0,0,0,0,0,23,4,189,1,28,2,92.1,7,3.2,10,131,121,96,57,"-",71,"-",159
"apple chips organic apple chips",,,"-",607,153,-13,0.97,0.62,1.09,22,252,8,0,1,0,0,0,0,0,0,0,0,0,0,0,0,138,5,92.5,6,3.2,31,8,"-",106,43,"-",216,"-",151
"freeze dried peach",,,"-",790,222,-15,,,,83,281,8,3,1,1,1,0,0,1,0,0,0,9,1,198,2,24,3,93.4,7,3.2,2,118,"-",128,147,131,125,"-",3
"dried kiwi",53.6,50,47,5363,1287,-7,1,0.73,1.23,180,240,33,24,1,1,0,0,0,0,0,0,0,28,2,0,0,0,0,34,2,2.4,8,60,"-","-","-","-","-","-","-"
"emergency food fruit",,,"-",587,192,111,,,,72,327,8,0,1,0,1,0,0,1,0,0,0,0,0,80,3,2,1,34.5,2,2.4,"-","-","-",59,"-","-","-","-",10
"anthony strawberry powder",,,"-",3425,250,65,,,,13,73,8,0,1,1,1,0,0,0,0,0,0,1,1,1,1,0,0,37.5,2,2.4,"-","-",74,"-","-",1,"-","-","-"
"dried kiwi fruit",,,"-",458,159,18,,,,33,347,8,8,1,0,0,0,0,0,0,0,0,0,0,0,0,0,0,37.5,2,2.4,12,63,"-","-","-","-","-","-","-"
"dried cantaloupe",50,45.5,2,3391,390,1,0.78,0.61,1.13,68,115,8,10,1,1,0,0,0,0,0,0,0,3,1,0,0,0,0,39,2,2.4,4,74,"-","-","-","-","-","-","-"
"strawberry life",,,"-",1534,313,6,,,,85,204,8,0,1,0,0,0,0,1,0,0,0,0,0,0,0,0,0,41,2,2.4,"-","-","-","-","-","-",77,"-",5
"organic strawberry extract",,,"-",1325,208,-2,,,,96,157,8,0,1,0,0,0,0,0,0,0,0,0,0,0,0,0,0,42,2,2.4,"-","-",76,"-","-",8,"-","-","-"
"pear candy",48.9,75,7,1160,435,-6,0.62,0.47,0.79,100,375,8,1,1,1,1,0,0,0,0,0,0,1,2,257,1,0,0,42.3,3,2.4,31,83,"-",13,"-","-","-","-","-"
"dole banana chips",,,"-",1511,207,3,,,,33,137,8,0,1,1,0,0,0,1,0,0,0,6,3,0,0,0,0,43.7,3,2.4,18,15,"-","-","-","-",98,"-","-"
"strawberry powder for drinks",56,50,2,157,314,-28,1.12,0.78,1.39,152,2000,8,0,1,1,0,0,0,0,0,0,0,3,1,0,0,211,3,46,2,2.4,"-","-",90,"-","-",2,"-","-","-"
"mickey fruit snacks",,,"-",2420,242,-4,1.23,0.8,1.58,31,100,8,0,1,0,0,0,0,0,0,0,0,0,0,0,0,0,0,46,3,2.4,78,"-","-",55,5,"-","-","-","-"
"nutristore",42.8,33.3,2,4680,454,"-",0.9,0.79,1.37,73,97,8,16,1,0,1,0,0,1,0,0,0,0,0,1,1,0,0,48.5,2,2.4,95,"-","-","-","-","-","-","-",2
"dried kiwi unsweetened",,,"-",2407,284,33,,,,27,118,8,0,1,1,0,0,0,0,0,0,0,2,1,0,0,0,0,49,2,2.4,14,84,"-","-","-","-","-","-","-"
"strawberry powder for baking",46,37.5,20,1661,470,-10,1.15,0.9,1.56,128,283,8,6,1,1,0,0,0,0,0,0,0,15,1,0,0,221,4,49.3,3,2.4,"-","-",69,"-","-",4,"-",75,"-"
"frozen raspberries organic",82.9,77.8,1,3218,399,"-",1.01,0.71,1.28,65,124,8,0,1,1,0,0,0,0,0,0,0,16,2,0,0,0,0,51.5,2,2.4,"-","-",92,"-","-","-","-","-",11
"disney fruit snacks",63.6,63.6,13,4129,417,-4,0.75,0.56,0.99,82,101,8,0,1,1,0,0,0,0,0,0,0,5,1,0,0,0,0,53,2,2.4,101,"-","-","-",5,"-","-","-","-"
"organic berry powder",,,"-",73,145,-30,,,,124,2000,8,0,1,0,0,0,0,0,0,0,0,0,0,0,0,0,0,54.5,2,2.4,"-","-",104,"-","-",5,"-","-","-"
"red ripe strawberry",,,"-",1321,173,-13,,,,59,131,8,1,1,1,0,0,0,1,0,0,0,2,1,0,0,7,1,55,2,2.4,96,"-",14,"-","-","-","-","-","-"
"freeze dried dragon fruit cubes",55,52.6,19,5627,574,-21,1.17,0.79,1.18,59,102,9,1,1,1,1,0,0,1,0,0,0,20,2,178,2,0,0,57.5,2,2.4,12,"-","-","-","-","-","-",103,"-"
"mickey snacks",47.1,60,12,3982,438,-4,0.72,0.51,0.93,56,110,8,0,1,1,0,0,0,0,0,0,0,13,1,0,0,0,0,58,2,2.4,"-","-","-",111,5,"-","-","-","-"
"natural strawberry extract",,,"-",345,107,-43,,,,107,310,8,3,1,0,0,0,0,0,0,0,0,0,0,0,0,0,0,59,2,2.4,"-","-",110,"-","-",8,"-","-","-"
"freeze dried orange",,,"-",947,302,14,,,,126,319,8,5,1,1,0,0,0,1,0,0,0,24,3,0,0,0,0,67.2,5,2.4,"-",6,"-",77,"-",122,"-",38,93
"organic frozen strawberry",,,"-",2484,308,13,1.29,0.92,1.5,70,124,8,0,1,1,0,0,0,0,1,0,0,13,6,0,0,0,0,68.2,5,2.4,152,"-",2,"-","-",6,"-",34,147
"dried raspberries",47.4,50,21,3092,909,15,1.36,1.01,1.76,133,294,12,14,1,1,1,0,0,1,0,0,0,16,1,197,2,89,3,71.3,4,2.4,14,"-",138,"-","-","-","-",123,10
"dried pears no sugar added",48.1,26.7,5,1506,396,4,,,,109,263,8,1,1,1,0,0,0,0,0,0,0,5,2,0,0,0,0,71.5,4,2.4,17,10,"-",23,236,"-","-","-","-"
"pineapple dried",29.7,33.3,19,615,413,-11,0.84,0.59,0.96,113,672,8,4,1,1,0,0,0,0,0,0,0,13,2,0,0,0,0,72.3,4,2.4,38,13,"-","-","-","-",91,"-",147
"organic strawberries frozen",77.1,86.4,1,2959,429,-5,0.87,0.57,1.09,147,145,8,0,1,1,0,0,0,1,0,0,0,15,5,0,0,0,0,74,5,2.4,139,"-",2,"-","-",7,"-",29,193
"dehydrated peaches",40.5,33.3,8,2356,417,8,0.81,0.53,1.01,99,177,8,2,1,1,1,0,0,1,0,0,0,11,2,448,1,44,3,74.5,4,2.4,2,120,"-",172,"-","-","-","-",4
"dry raspberry",46.7,55,"-",416,119,16,,,,66,286,8,0,1,1,0,0,0,0,0,0,0,8,1,0,0,49,3,76,4,2.4,17,"-",136,"-","-",145,"-","-",6
"freeze dried vegetables snacks",42.9,50,3,809,390,-2,0.9,0.67,1.11,116,482,8,3,1,1,1,0,0,1,0,0,0,9,1,206,2,84,4,79,5,2.4,12,"-","-",64,111,"-",79,"-",129
"dried peaches no sugar added",59.1,44.5,15,1399,438,-2,0.75,0.6,1.09,118,313,8,0,1,1,0,0,0,0,0,0,0,15,1,0,0,143,6,81.4,5,2.4,36,134,"-",106,"-",121,"-","-",10
"lyons raw dried fruit powder",,,"-",2345,197,-10,1.44,1.11,1.82,50,84,8,0,1,1,0,0,0,0,0,0,0,9,1,0,0,0,0,1,1,2,"-","-","-","-","-",1,"-","-","-"
"freeze dried mouse",,,"-",6828,198,63,,,,31,29,8,0,1,0,0,0,0,0,0,0,0,0,0,0,0,0,0,1,1,2,"-","-","-","-",1,"-","-","-","-"
"lyons raw fruit powder",,,4,4863,355,-22,1.55,0.99,2.21,52,73,8,0,1,0,0,0,0,0,0,0,0,0,0,0,0,0,0,2,1,2,"-","-","-","-","-",2,"-","-","-"
"rishi snacks",,,"-",4803,293,2,,,,46,61,8,0,1,1,0,0,0,0,0,0,0,5,1,0,0,0,0,2,1,2,"-",2,"-","-","-","-","-","-","-"
"auguson farms peaches",,,"-",6794,231,110,,,,8,34,8,0,1,0,0,0,0,0,0,0,0,0,0,0,0,1,1,2,1,2,"-","-","-","-","-","-","-","-",2
"nutristore freeze dried food",41.9,22.2,8,3975,473,-13,1.24,0.92,1.57,68,119,8,0,1,0,1,0,0,1,0,0,0,0,0,90,2,15,2,2,1,2,"-","-","-","-","-","-","-","-",2
"natural flavoring powder",,,"-",37,111,-24,,,,97,3000,8,0,1,0,1,0,0,0,0,0,0,0,0,189,1,0,0,2,1,2,"-","-","-","-","-",2,"-","-","-"
"powdered fruit",38.6,14.3,2,19,378,-14,1.28,0.87,1.62,139,20000,8,0,1,0,1,0,0,0,0,0,0,0,0,191,1,0,0,2,1,2,"-","-","-","-","-",2,"-","-","-"
"strawberry cold foam for matcha",57.9,60,3,15458,371,56,,,,19,24,8,0,1,0,0,0,0,0,0,0,0,0,0,0,0,0,0,3,1,2,"-","-","-","-","-",3,"-","-","-"
"strawberry powder for matcha",81.5,100,4,1694,376,"-",,,,71,222,8,0,1,0,0,0,0,0,0,0,0,0,0,0,0,0,0,3,1,2,"-","-","-","-","-",3,"-","-","-"
"fruit powders",32,50,2,20,403,-12,1.54,1.29,1.89,88,20000,8,0,1,0,0,0,0,0,0,0,0,0,0,0,0,73,2,3,1,2,"-","-","-","-","-",3,"-","-","-"
"flavoring powders",45.8,42.9,1,63,440,"-",,,,35,7000,8,0,1,0,0,0,0,0,0,0,0,0,0,0,0,0,0,4,1,2,"-","-","-","-","-",4,"-","-","-"
"fruitriot",,,"-",17647,300,25,1.12,0.76,1.22,12,17,8,0,1,0,0,0,0,0,0,0,0,0,0,0,0,0,0,4,1,2,4,"-","-","-","-","-","-","-","-"
"anthonys apple pectin powder organic",,,"-",4618,254,1,1.6,0.9,1.79,14,55,8,0,1,0,0,0,0,0,0,0,0,0,0,0,0,0,0,4,1,2,"-","-","-","-","-",4,"-","-","-"
"anthony's fruit pectin",,,"-",2120,159,-25,,,,15,75,8,0,1,0,0,0,0,0,0,0,0,0,0,0,0,0,0,4,1,2,"-","-","-","-","-",4,"-","-","-"
"anthonys fruit pectin",,,"-",2220,131,-55,,,,11,59,8,0,1,0,0,0,0,0,0,0,0,0,0,0,0,0,0,4,1,2,"-","-","-","-","-",4,"-","-","-"
"mickey mouse snacks",40.5,42.9,17,6057,642,6,0.59,0.4,0.9,53,106,10,0,1,1,0,0,0,0,0,0,0,1,1,0,0,0,0,4,1,2,"-","-","-","-",4,"-","-","-","-"
"strawberry powder supplement",,,"-",66,199,-13,2.44,1.83,3.13,89,3000,8,0,1,0,0,0,0,0,0,0,0,0,0,0,0,0,0,5,1,2,"-","-","-","-","-",5,"-","-","-"
"disney snacks for kids",,,"-",441,126,-22,,,,45,286,8,0,1,1,0,0,0,0,0,0,0,1,1,0,0,0,0,5,1,2,"-","-","-","-",5,"-","-","-","-"
"strawberry nesquik powder",65,35.7,17,10333,713,-5,0.96,0.71,1.1,42,69,10,0,1,0,0,0,0,0,0,0,0,0,0,0,0,0,0,5,1,2,"-","-","-","-","-",5,"-","-","-"
"flavor delights strawberry powder",,,"-",891,180,-21,,,,27,202,8,0,1,0,0,0,0,0,0,0,0,0,0,0,0,0,0,6,1,2,"-","-","-","-","-",6,"-","-","-"
"sweetest batch strawberries",65.7,62.8,1,20538,534,-16,1.5,1.03,1.83,28,26,9,0,1,1,0,0,0,0,0,0,0,6,1,0,0,0,0,6,1,2,"-","-",6,"-","-","-","-","-","-"
"disney snack",32,100,"-",464,270,3,1.05,0.78,1.29,173,582,8,0,1,1,1,0,0,0,0,0,0,1,1,2,1,0,0,6,1,2,"-","-","-","-",6,"-","-","-","-"
"strawberry latte",,,"-",1648,267,21,,,,123,162,8,0,1,0,0,0,0,0,0,0,0,0,0,0,0,0,0,6,1,2,"-","-","-","-","-",6,"-","-","-"
"vinamit",96.4,,1,54667,328,"-",,,,9,6,8,2,1,1,0,0,0,0,0,0,0,7,1,0,0,0,0,6,1,2,"-",6,"-","-","-","-","-","-","-"
"yammy",61.1,100,6,10730,397,-5,0.95,0.85,1.45,0,37,8,5,1,0,0,0,0,0,0,0,0,0,0,0,0,0,0,6,1,2,"-","-","-",6,"-","-","-","-","-"
"strawberry milkshake powder",,,"-",811,146,-15,,,,51,180,8,0,1,0,0,0,0,0,0,0,0,0,0,0,0,0,0,6,1,2,"-","-","-","-","-",6,"-","-","-"
"strawberry condensed milk",,,"-",1866,181,-42,,,,55,97,8,1,1,0,0,0,0,0,0,0,0,0,0,0,0,0,0,7,1,2,"-","-","-","-","-",7,"-","-","-"
"oishii strawberries",87.5,72.7,1,24813,397,37,1.15,1,1.31,22,16,8,0,1,0,0,0,0,0,0,0,0,0,0,0,0,0,0,7,1,2,"-","-","-","-","-","-","-",7,"-"
"good2grow snackers",,,"-",3390,139,59,1.11,0.8,1.7,0,41,8,0,1,0,0,0,0,0,0,0,0,0,0,0,0,0,0,7,1,2,"-","-","-","-",7,"-","-","-","-"
"anthonys protein powder",58.3,83.3,11,2905,427,-1,,,,54,147,8,0,1,0,0,0,0,0,0,0,0,0,0,0,0,0,0,7,1,2,"-","-","-","-","-",7,"-","-","-"
"alo crisp fuji apple pear",,,"-",4781,153,-6,,,,0,32,8,0,1,0,0,0,0,0,0,0,0,0,0,0,0,0,0,7,1,2,"-",7,"-","-","-","-","-","-","-"
"natural flavor powder",,,1,10,310,"-",,,,36,30000,8,0,1,0,0,0,0,1,0,0,0,0,0,0,0,0,0,7,1,2,"-","-","-","-","-",7,"-","-","-"
"nesquik strawberry powder",57.4,44,56,20053,2286,-4,0.76,0.47,0.85,113,114,27,1,1,1,0,0,0,0,0,0,0,3,2,0,0,0,0,7,1,2,"-","-","-","-","-",7,"-","-","-"
"fiji apples",75,60,1,14500,348,-8,0.96,0.64,1.04,11,24,8,0,1,0,0,0,0,0,0,0,0,0,0,0,0,0,0,7,1,2,"-","-","-","-",7,"-","-","-","-"
"jack fruit chips phenomenal",,,"-",8138,236,"-",,,,12,29,8,0,1,1,0,0,0,0,0,0,0,12,1,0,0,0,0,8,1,2,8,"-","-","-","-","-","-","-","-"
"strawberry matcha powder",83.3,65,19,2407,845,-5,1.8,1.42,2,131,351,11,3,1,0,0,0,0,0,0,0,0,0,0,0,0,0,0,8,1,2,"-","-","-","-","-",8,"-","-","-"
"organic flavorings",,,"-",16,158,-7,,,,167,10000,8,0,1,0,0,0,0,0,0,0,0,0,0,0,0,0,0,8,1,2,"-","-","-","-","-",8,"-","-","-"
"disney themed snacks",,,"-",1615,210,-39,,,,65,130,8,0,1,1,0,0,0,0,0,0,0,15,2,0,0,0,0,8,1,2,"-","-","-","-",8,"-","-","-","-"
"disney snacks",46.6,56.8,18,5913,1366,"-",0.85,0.53,1.1,298,231,26,1,1,1,0,0,0,1,0,0,0,1,1,0,0,0,0,8,1,2,"-","-","-","-",8,"-","-","-","-"
"awesome fruit nuggets",,,"-",11476,241,1545,0.91,0.76,1.22,12,21,8,0,1,0,0,0,0,0,0,0,0,0,0,0,0,0,0,8,1,2,"-",8,"-","-","-","-","-","-","-"
"watermelon powder organic",65.1,50,6,2761,392,-4,2.13,1.39,2.73,103,142,8,0,1,0,0,0,0,0,0,0,0,0,0,0,0,0,0,8,1,2,"-","-","-","-","-",8,"-","-","-"
"ausome fruit nuggets",,,"-",5190,109,77,,,,39,21,8,0,1,1,0,0,0,0,0,0,0,5,3,0,0,0,0,8,1,2,"-",8,"-","-","-","-","-","-","-"
"raspberry potato chips",,,"-",2610,154,-36,,,,45,59,8,0,1,1,0,0,0,0,0,0,0,14,1,0,0,0,0,9,1,2,9,"-","-","-","-","-","-","-","-"
"nature's wild berry shark tank",85.2,83.3,"-",20300,203,5,1.84,1.19,2.1,0,10,8,0,1,0,0,0,0,0,0,0,0,0,0,0,0,0,0,9,1,2,9,"-","-","-","-","-","-","-","-"
"wapples",,,"-",2269,177,-9,,,,8,78,8,0,1,0,0,0,0,0,0,0,0,0,0,0,0,0,0,9,1,2,"-","-","-","-","-","-","-","-",9
"freeze dried tarantula",,,"-",3683,221,-11,,,,72,60,8,0,1,1,0,0,0,1,0,0,0,4,1,0,0,0,0,9,1,2,9,"-","-","-","-","-","-","-","-"
"organic strawberry protein powder",,,"-",883,264,-26,1.18,0.87,1.46,125,299,8,0,1,0,0,0,0,0,0,0,0,0,0,0,0,0,0,9,1,2,"-","-","-","-","-",9,"-","-","-"
"mickey mouse fruit snacks",91.2,100,19,7185,388,1,,,,58,54,8,0,1,1,0,0,0,0,0,0,0,5,2,0,0,0,0,9,1,2,"-","-","-","-",9,"-","-","-","-"
"frozen banana",41.3,44.2,3,18250,1825,-5,0.67,0.43,0.93,136,100,26,0,1,1,0,0,0,0,0,0,0,6,4,0,0,0,0,9,1,2,"-",9,"-","-","-","-","-","-","-"
"yogurt powder organic",,,"-",1367,108,10,,,,60,79,8,0,1,0,0,0,0,0,0,0,0,0,0,0,0,0,0,9,1,2,"-","-","-","-","-",9,"-","-","-"
"fruit slaps",,,"-","-",355,"-",,,,0,0,8,0,1,0,0,0,0,0,0,0,0,0,0,0,0,0,0,10,1,2,10,"-","-","-","-","-","-","-","-"
"luxe slim cantaloupe",,,"-",13167,158,-36,,,,0,12,8,0,1,0,0,0,0,0,0,0,0,0,0,0,0,0,0,10,1,2,10,"-","-","-","-","-","-","-","-"
"can-berry",,,"-",203,118,-30,,,,70,581,8,1,1,0,0,0,0,1,0,0,0,0,0,0,0,2,1,10,1,2,"-","-","-","-","-","-","-","-",10
"mickey mouse shaped snacks",,,"-",4696,216,11,,,,37,46,8,0,1,1,0,0,0,0,0,0,0,5,2,0,0,0,0,10,1,2,"-","-","-","-",10,"-","-","-","-"
"crispy green beans",,,"-",1915,136,-16,0.87,0.63,1.07,20,71,8,0,1,1,0,0,0,0,0,0,0,6,1,0,0,0,0,10,1,2,"-",10,"-","-","-","-","-","-","-"
"apples green",78.1,67.9,1,427,427,-6,1.42,1.18,1.79,90,1000,8,0,1,1,0,0,0,0,0,0,0,7,1,0,0,0,0,10,1,2,"-",10,"-","-","-","-","-","-","-"
"mickey mouse food",,,4,941,321,-28,0.79,0.57,1.31,169,341,8,1,1,1,0,0,0,0,0,0,0,2,1,0,0,0,0,10,1,2,"-","-","-","-",10,"-","-","-","-"
"anthony's organic cocoa powder",85.5,88.9,22,2066,438,48,,,,52,212,8,0,1,0,0,0,0,0,0,0,0,0,0,0,0,0,0,10,1,2,"-","-","-","-","-",10,"-","-","-"
"sweet and sour crispy peaches",,,"-",6732,276,60,0.72,0.57,0.91,33,41,8,0,1,1,0,0,0,1,0,0,0,2,1,0,0,0,0,11,1,2,11,"-","-","-","-","-","-","-","-"
"freeze dried coffee 25 year shelf life",,,"-",7474,284,-7,1.55,1.44,2.08,41,38,8,0,1,0,0,0,0,1,0,0,0,0,0,0,0,0,0,11,1,2,"-","-","-","-","-","-","-","-",11
"organic watermelon powder",,,2,2063,295,-12,,,,84,143,8,2,1,0,0,0,0,0,0,0,0,0,0,0,0,0,0,11,1,2,"-","-","-","-","-",11,"-","-","-"
"anthonys cocoa powder",92.9,88.9,24,2639,475,4,0.89,0.65,1.23,130,180,8,0,1,0,0,0,0,0,0,0,0,0,0,0,0,0,0,11,1,2,"-","-","-","-","-",11,"-","-","-"
"organic kiwi",70.1,66.9,15,65780,8091,17,0.77,0.6,1.24,137,123,34,1,1,0,0,0,0,0,0,0,0,0,0,0,0,0,0,11,1,2,11,"-","-","-","-","-","-","-","-"
"strawberry milk powder",45.8,33.3,28,4919,1210,28,1.09,0.77,1.25,195,246,26,0,1,1,1,0,0,0,0,0,0,2,1,147,1,0,0,11,1,2,"-","-","-","-","-",11,"-","-","-"
"fruits powder",,,"-",8,159,29,,,,112,20000,8,0,1,0,0,0,0,0,0,0,0,0,0,0,0,77,2,11,1,2,"-","-","-","-","-",11,"-","-","-"
"fruit sticks apple",,,"-",74,223,64,,,,12,3000,8,2,1,1,0,0,0,0,0,0,0,12,1,0,0,0,0,11,1,2,"-","-","-","-",11,"-","-","-","-"
"organic powder",32.3,50,5,10,415,7,1.69,1.3,2.29,147,40000,8,0,1,0,1,0,0,0,0,0,0,0,0,9,1,0,0,11,1,2,"-","-","-","-","-",11,"-","-","-"
"frut",,,"-",2476,156,-8,,,,38,63,8,3,1,0,0,0,0,0,0,0,0,0,0,0,0,0,0,12,1,2,12,"-","-","-","-","-","-","-","-"
"gluten free brothers bites",,,"-",4486,166,-37,,,,24,37,8,0,1,0,0,0,0,0,0,0,0,0,0,0,0,0,0,12,1,2,"-","-","-","-",12,"-","-","-","-"
"matcha powder strawberry",,,"-",383,106,-58,,,,109,277,8,0,1,0,0,0,0,0,0,0,0,0,0,0,0,0,0,12,1,2,"-","-","-","-","-",12,"-","-","-"
"just ingredients protein powder strawberry",100,100,9,1013,475,-33,2.78,2.25,3.28,132,469,8,0,1,0,0,0,0,0,0,0,0,0,0,0,0,0,0,12,1,2,"-","-","-","-","-",12,"-","-","-"
"that it crunchables",81.1,53.9,9,16205,713,36,0.85,0.65,1.06,31,44,10,0,1,0,0,0,0,0,0,0,0,0,0,0,0,0,0,12,1,2,"-","-","-","-",12,"-","-","-","-"
"organic meringue powder",,,"-",2469,158,-29,1.08,0.66,1.42,36,64,8,0,1,0,0,0,0,0,0,0,0,0,0,0,0,0,0,12,1,2,"-","-","-","-","-",12,"-","-","-"
"asian pears",80.8,80,1,5433,364,-8,0.76,0.41,0.94,39,67,8,4,1,0,0,0,0,0,0,0,0,0,0,0,0,0,0,12,1,2,"-",12,"-","-","-","-","-","-","-"
"banana frozen",,,1,3490,349,-21,1.42,1.11,1.75,36,100,8,0,1,1,0,0,0,0,0,0,0,9,2,0,0,0,0,12,1,2,"-","-","-","-","-","-","-","-",12
"banana peach",,,"-",1692,181,-3,,,,51,107,8,1,1,0,0,0,0,0,0,0,0,0,0,0,0,0,0,12,1,2,12,"-","-","-","-","-","-","-","-"
"apple cinnamon rice crisps",66,75,11,4986,364,143,,,,12,73,8,0,1,1,0,0,0,0,0,0,0,9,2,0,0,0,0,12,1,2,12,"-","-","-","-","-","-","-","-"
"freeze dried watermelon powder",,,"-",2198,222,154,,,,20,101,8,0,1,0,0,0,0,1,0,0,0,0,0,0,0,0,0,12,1,2,"-","-","-","-","-",12,"-","-","-"
"olyra fruit and grain bites",60,37.5,8,14121,466,3,1.61,1.22,2.33,21,33,8,0,1,0,0,0,0,0,0,0,0,0,0,0,0,0,0,13,1,2,13,"-","-","-","-","-","-","-","-"
"finalboss sour",,,1,25000,325,12,,,,30,13,8,0,1,0,0,0,0,0,0,0,0,0,0,0,0,0,0,13,1,2,13,"-","-","-","-","-","-","-","-"
"mangostinos fruta fresca",,,"-",2192,274,53,,,,24,125,8,0,1,0,0,0,0,0,0,0,0,0,0,0,0,0,0,13,1,2,"-",13,"-","-","-","-","-","-","-"
"cantaloupe chunks organic",,,"-",5978,269,28,,,,28,45,8,0,1,1,0,0,0,0,0,0,0,1,1,0,0,0,0,13,1,2,13,"-","-","-","-","-","-","-","-"
"mandarines",77.3,74.5,1,47,466,3,0.69,0.49,0.76,123,10000,8,0,1,1,0,0,0,0,0,0,0,29,1,0,0,0,0,13,1,2,"-",13,"-","-","-","-","-","-","-"
"anthony's",29.5,37,10,116,1163,-1,1.3,0.99,2.21,70,10000,26,0,1,1,0,0,0,1,0,0,0,9,1,0,0,0,0,13,1,2,"-","-","-","-","-",13,"-","-","-"
"dried tangerine slices",,,"-",502,128,-10,0.73,0.58,0.85,53,255,8,0,1,0,0,0,0,0,0,0,0,0,0,0,0,0,0,13,1,2,"-",13,"-","-","-","-","-","-","-"
"disney food",,,3,1074,362,-10,1.01,0.78,1.21,160,337,8,0,1,1,1,0,0,0,0,0,0,2,1,47,1,0,0,13,1,2,"-","-","-","-",13,"-","-","-","-"
"threeworks apple chips",,,"-",6367,191,-9,,,,12,30,8,0,1,0,0,0,0,0,0,0,0,0,0,0,0,0,0,13,1,2,"-","-","-","-",13,"-","-","-","-"
"anthony's cocoa powder",86.2,80,"-",813,178,-53,1.16,0.62,1.59,81,219,8,0,1,0,0,0,0,0,0,0,0,0,0,0,0,0,0,13,1,2,"-","-","-","-","-",13,"-","-","-"
"strawberries seasoning",,,"-",1088,124,-51,,,,62,114,8,0,1,0,0,0,0,0,0,0,0,0,0,0,0,0,0,13,1,2,"-","-","-","-","-",13,"-","-","-"
"mountain house apple crisp",,,"-",6757,250,21,,,,0,37,8,0,1,0,0,0,0,0,0,0,0,0,0,0,0,34,2,13,1,2,"-","-","-","-",13,"-","-","-","-"
"winners only mango",,,"-",2919,181,66,,,,4,62,8,0,1,0,0,0,0,0,0,0,0,0,0,0,0,0,0,13,1,2,"-",13,"-","-","-","-","-","-","-"
"anthony cocoa powder",,,"-",804,172,-30,0.86,0.78,0.95,74,214,8,0,1,0,0,0,0,0,0,0,0,0,0,0,0,0,0,13,1,2,"-","-","-","-","-",13,"-","-","-"
"nature valley apple crisp",,,"-",2308,120,-25,,,,24,52,8,0,1,0,0,0,0,0,0,0,0,0,0,0,0,0,0,13,1,2,13,"-","-","-","-","-","-","-","-"
"organic protein powder strawberry",,,"-",431,155,-42,2.45,1.77,2.9,70,360,8,0,1,0,0,0,0,0,0,0,0,0,0,0,0,0,0,13,1,2,"-","-","-","-","-",13,"-","-","-"
"finding everyday fruit",,,"-",2676,273,17,,,,40,102,8,1,1,0,0,0,0,0,0,0,0,0,0,0,0,0,0,14,1,2,"-",14,"-","-","-","-","-","-","-"
"kate farms strawberry",,,"-",7600,190,-29,,,,12,25,8,0,1,0,0,0,0,0,0,0,0,0,0,0,0,0,0,14,1,2,"-","-","-","-","-",14,"-","-","-"
"nutty fruity dried tangerines",,,"-",2036,279,-14,,,,74,137,8,0,1,0,0,0,0,0,0,0,0,0,0,0,0,0,0,14,1,2,"-",14,"-","-","-","-","-","-","-"
"veri superfood bites cran dragon fruit",,,"-",14526,276,16,,,,12,19,8,0,1,0,0,0,0,1,0,0,0,0,0,0,0,0,0,14,1,2,14,"-","-","-","-","-","-","-","-"
"dried tangerines nutty and fruity",,,"-",1094,116,-22,,,,4,106,8,0,1,0,0,0,0,0,0,0,0,0,0,0,0,0,0,14,1,2,"-",14,"-","-","-","-","-","-","-"
"ready hour fruit and veggie mix",,,"-",4920,123,-44,,,,0,25,8,0,1,0,0,0,0,0,0,0,0,0,0,0,0,0,0,14,1,2,14,"-","-","-","-","-","-","-","-"
"trü frü",64.5,66.7,2,18200,364,-11,0.73,0.51,0.94,12,20,8,0,1,1,0,0,0,0,0,0,0,6,3,0,0,0,0,14,1,2,"-","-","-",14,"-","-","-","-","-"
"trufruit",60,80,20,21810,458,-13,1.02,0.79,1.09,23,21,8,0,1,0,0,0,0,0,0,0,0,0,0,0,0,0,0,14,1,2,14,"-","-","-","-","-","-","-","-"
"powder fruit flavor",,,"-",23,232,76,,,,36,10000,8,0,1,0,0,0,0,0,0,0,0,0,0,0,0,0,0,14,1,2,"-","-","-","-","-",14,"-","-","-"
"apple green",64.7,68.8,1,137,411,-6,1.19,0.79,1.3,81,3000,8,1,1,1,0,0,0,1,0,0,0,14,1,0,0,0,0,14,1,2,"-",14,"-","-","-","-","-","-","-"
"fresas",78.7,73.2,6,21705,2431,-11,0.66,0.53,0.96,77,112,27,0,1,1,0,0,0,1,0,0,0,5,2,0,0,8,1,14,1,2,"-","-",14,"-","-","-","-","-","-"
"berry powder",36.5,14.3,9,67,466,-8,1.76,1.42,2.24,151,7000,8,21,1,0,1,0,0,0,0,0,0,0,0,45,1,0,0,14,1,2,"-","-","-","-","-",14,"-","-","-"
"dole wiggles",,,"-",8522,196,-12,,,,12,23,8,5,1,0,0,0,0,0,0,0,0,0,0,0,0,0,0,15,1,2,15,"-","-","-","-","-","-","-","-"
"fru",89.1,33.3,3,30786,431,-45,0.76,0.47,1.09,8,14,8,6,1,1,0,0,0,0,0,0,0,3,1,0,0,0,0,15,1,2,15,"-","-","-","-","-","-","-","-"
"freeze dried cherry powder",51.6,14.3,8,2371,415,6,,,,126,175,8,0,1,0,1,0,0,1,0,0,0,0,0,184,1,0,0,15,1,2,"-","-","-","-","-",15,"-","-","-"
"disney treats",,,5,1377,325,38,1.31,0.99,1.62,167,236,8,0,1,1,1,0,0,0,0,0,0,2,1,92,1,0,0,15,1,2,"-","-","-","-",15,"-","-","-","-"
"strawberry matcha",64.3,62.9,50,6724,2286,-11,1.71,1.31,1.85,263,340,35,25,1,0,0,0,0,0,0,0,0,0,0,0,0,0,0,15,1,2,"-","-","-","-","-",15,"-","-","-"
"anthonys goods",,,"-",1061,173,-18,,,,119,163,8,0,1,0,1,0,0,1,0,0,0,0,0,109,1,0,0,15,1,2,"-","-","-","-","-",15,"-","-","-"
"organic fruit juice powder",,,"-",232,232,3,,,,43,1000,8,0,1,0,0,0,0,0,0,0,0,0,0,0,0,0,0,15,1,2,"-","-","-","-","-",15,"-","-","-"
"strawberries organic fresh",75.6,80,1,1502,431,28,0.67,0.47,0.79,108,287,8,1,1,1,0,0,0,0,0,0,0,7,3,0,0,0,0,99.8,9,2,74,223,5,134,214,21,58,77,92
"healthy dried fruit",,,"-",12,115,9,,,,49,10000,8,1,1,0,1,0,0,0,0,0,0,0,0,166,5,60,4,103.6,8,2,12,19,82,73,32,292,100,"-",219
"dried fruit chips",32.6,20,14,419,419,-10,,,,114,1000,8,2,1,1,1,0,0,1,0,0,0,10,3,163,5,209,7,105.5,8,2,8,3,141,39,17,"-",153,221,262
"freeze dried fruit for drinks",,,"-",149,133,-10,,,,101,892,8,0,1,1,0,0,0,1,0,0,0,28,4,0,0,4,1,108.3,9,2,11,115,59,141,132,56,199,77,185
"freeze dried strawberries powder",44.7,31.8,31,1601,573,-20,1.19,0.85,1.44,109,358,9,6,1,1,0,0,0,0,0,0,0,21,4,0,0,26,2,110.7,9,2,109,96,71,160,170,2,130,69,189
"essentials freeze dried fruit",75.6,60,2,955,404,-8,,,,114,423,8,0,1,1,1,0,0,1,0,0,0,15,3,169,1,2,1,116.9,8,2,20,174,159,168,177,"-",133,98,6
"dehydrated raspberries",48.3,22.2,12,1810,380,2,0.88,0.73,1.2,109,210,8,1,1,1,1,0,0,0,0,0,0,27,2,297,1,43,3,121.9,8,2,28,183,146,166,"-",131,182,133,6
"dehydrated mixed fruit",,,"-",206,134,-32,,,,63,652,8,0,1,1,0,0,0,0,0,0,0,8,1,0,0,45,2,122.4,8,2,11,73,166,70,126,181,251,"-",101
"strawberry organic",85.7,82.4,1,578,435,1,0.96,0.75,1.31,148,752,8,0,1,1,0,0,0,0,0,0,0,13,2,0,0,23,2,123.9,9,2,93,297,9,166,237,29,94,99,91
"freeze dried blueberries",39.6,30.6,244,12692,5432,"-",1.06,0.78,1.26,222,428,35,12,1,1,1,0,0,1,1,0,0,18,2,198,4,51,3,126.5,8,2,17,134,163,197,215,"-",179,99,8
"organic freeze dried strawberry powder",,,"-",453,148,-42,1,0.78,1.43,100,327,8,6,1,0,1,0,0,0,0,0,0,0,0,131,2,56,3,129,9,2,107,222,22,216,233,1,128,69,163
"freeze dried mangos",,,"-",339,200,-28,1.52,1.16,1.87,92,590,8,0,1,1,0,0,0,1,0,0,0,25,3,0,0,55,4,130.5,8,2,82,2,241,238,242,"-",9,224,6
"freeze dried peaches",34.9,12.9,26,4657,1588,-5,0.9,0.84,0.97,232,341,29,9,1,1,1,0,0,1,0,0,0,24,4,159,4,18,3,130.9,9,2,2,99,213,180,195,138,211,139,1
"freeze-dried strawberry powder",,,"-",285,101,75,1.1,0.8,1.43,46,355,8,3,1,1,0,0,0,0,0,0,0,3,2,0,0,26,2,137.4,9,2,129,196,77,204,223,1,189,73,145
"freeze dried strawberry powder",47.5,40,129,7171,2431,-15,1.21,0.77,1.28,173,339,34,20,1,1,1,0,0,1,0,0,0,22,5,113,4,23,2,142.1,9,2,140,207,106,205,237,2,191,70,121
"organic strawberry",75.7,64.1,2,1085,909,-10,0.81,0.68,1.06,148,838,12,11,1,1,1,0,0,0,0,0,0,24,6,86,3,152,5,142.8,9,2,115,286,14,94,228,53,170,153,172
"freeze dried powdered fruit",,,"-",185,142,-19,,,,120,767,8,0,1,1,1,0,0,1,0,0,0,4,2,143,2,67,2,145.8,8,2,157,"-",100,271,175,2,200,103,158
"freeze dried raspberries",40.9,29.1,281,17452,4904,13,1.06,0.8,1.28,165,281,34,11,1,1,1,0,0,1,0,0,0,11,4,219,4,64,3,149.3,9,2,30,190,150,236,239,174,155,159,11
"organic freeze dried food",,,"-",230,230,-22,1.02,0.76,1.22,192,1000,8,0,1,0,1,0,0,1,0,0,0,0,0,118,3,6,1,150.9,9,2,66,254,19,259,294,9,163,272,22
"dried strawberry powder",59.3,50,7,891,369,-5,1.17,0.74,1.45,89,414,8,20,1,1,1,0,0,0,0,0,0,12,3,111,2,22,2,161.6,9,2,198,208,83,206,215,2,205,106,231
"freeze dried fruit powder",23.4,26.9,27,1581,1366,-7,1.17,0.86,1.67,257,864,26,1,1,1,1,0,0,1,0,0,0,24,3,135,4,177,3,185.2,9,2,45,226,211,243,250,2,267,210,213
"strawberry quick powder",50,75,11,1595,413,5,1.04,0.74,1.21,87,259,8,0,1,0,0,0,0,0,0,0,0,0,0,0,0,0,0,65,2,1.6,"-","-",121,"-","-",9,"-","-","-"
"dried peach",,,"-",319,143,-7,,,,75,448,8,3,1,1,0,0,0,0,0,0,0,7,1,0,0,79,3,71,3,1.6,12,"-","-","-","-",184,"-","-",17
"strawberry powder for milk",,,6,1083,392,33,,,,64,362,8,0,1,0,0,0,0,0,0,0,0,0,0,0,0,0,0,77.7,3,1.6,"-","-",114,"-","-",9,"-",110,"-"
"dried tangerines",62,53.3,6,2144,461,-16,0.69,0.51,0.88,101,215,8,2,1,1,0,0,0,0,0,0,0,11,2,0,0,0,0,82,2,1.6,155,9,"-","-","-","-","-","-","-"
"organic dried fruit powder",,,"-",36,145,-22,,,,44,4000,8,0,1,0,0,0,0,0,0,0,0,0,0,0,0,142,3,83.7,3,1.6,147,"-",103,"-","-",1,"-","-","-"
"organic fruit powder",34.8,33.3,7,55,442,-10,1.68,1.15,2.07,138,8000,8,0,1,0,0,0,0,0,0,0,0,0,0,0,0,0,0,84,2,1.6,"-","-",167,"-","-",1,"-","-","-"
"dried bananas",44.9,29.6,51,1209,1209,3,0.97,0.76,1.25,242,1000,27,4,1,1,1,0,0,0,0,0,0,25,4,289,1,185,6,96.6,7,1.6,19,11,"-",205,94,237,77,"-",33
"raspberries dried",,,"-",394,124,30,,,,80,315,8,0,1,1,0,0,0,0,0,0,0,34,2,0,0,75,3,110.3,7,1.6,19,153,105,132,"-","-",252,103,8
"dried banana chips",46.2,39.4,98,5222,2073,18,0.99,0.76,1.22,168,397,30,11,1,1,1,0,0,1,0,0,0,23,3,269,5,217,7,114.3,6,1.6,41,10,"-",192,143,"-",185,"-",115
"dried banana",39.4,33.3,23,817,534,2,0.89,0.57,1.12,134,654,9,18,1,1,1,0,0,0,0,0,0,8,3,296,5,232,6,117.7,7,1.6,19,11,"-",244,143,246,145,"-",16
"fruit chips",35,23.5,28,179,714,9,1,0.77,1.36,119,4000,10,4,1,1,1,0,0,0,0,0,0,10,2,148,3,234,6,130.7,7,1.6,22,11,279,85,32,"-",209,"-",277
"organic freeze dried fruit powder",,,"-",202,171,-13,,,,20,848,8,0,1,0,0,0,0,0,0,0,0,0,0,0,0,94,3,142.7,7,1.6,122,"-",72,170,214,4,265,152,"-"
"dehydrated strawberry powder",,,9,1617,380,-2,1.03,0.75,1.54,72,235,8,0,1,1,1,0,0,0,0,0,0,6,3,203,2,74,2,145,7,1.6,185,"-",145,196,"-",3,197,103,186
"dried organic fruit",,,"-",27,270,188,,,,72,10000,8,0,1,1,0,0,0,0,0,0,0,23,1,0,0,208,6,148.7,7,1.6,67,177,11,271,159,97,"-","-",259
"freeze dried fruit powders",,,"-",103,103,39,,,,81,1000,8,0,1,1,0,0,0,0,0,0,0,12,2,0,0,139,3,150.1,7,1.6,31,"-",157,212,"-",1,235,183,232
"freeze dried berry powder",,,"-",342,177,-1,,,,77,518,8,1,1,0,1,0,0,1,0,0,0,0,0,41,1,112,2,183.9,7,1.6,239,215,231,"-","-",1,243,132,226
"dried mango chips",,,"-",414,171,5,,,,150,413,8,2,1,1,0,0,0,1,0,0,0,19,3,0,0,0,0,98.4,5,1.2,90,3,"-",163,"-","-",26,"-",210
"dried peaches",39.5,38.8,49,3397,1841,10,0.83,0.54,0.98,189,542,31,13,1,1,0,0,0,1,0,0,0,2,1,0,0,22,3,102,4,1.2,12,"-","-",185,"-",198,"-","-",13
"natural sins mango chips",,,"-",784,221,-19,,,,74,282,8,0,1,0,0,0,0,0,0,0,0,0,0,0,0,0,0,103,5,1.2,63,6,"-",160,"-","-",45,"-",241
"dehydrated fruit powder",,,"-",271,232,12,1.25,0.89,1.57,156,856,8,0,1,1,1,0,0,0,0,0,0,1,1,255,1,112,3,115.3,4,1.2,104,"-",121,"-","-",4,"-","-",232
"dried fruit powder",36.5,27.3,12,81,484,-40,1.39,0.95,1.8,158,6000,9,1,1,1,1,0,0,0,1,0,0,28,2,91,1,196,4,121.3,4,1.2,218,"-",130,"-","-",1,"-",136,"-"
"mango chips",30.3,25,"-",488,198,-19,0.82,0.59,1.17,157,406,8,5,1,1,0,0,0,0,0,0,0,18,3,0,0,0,0,121.5,4,1.2,209,2,"-","-","-","-",27,"-",248
"pineapple chips",33.3,25,9,1191,306,9,0.8,0.53,0.99,98,257,8,6,1,1,0,0,0,0,0,0,0,6,2,0,0,0,0,121.8,5,1.2,207,7,230,"-","-","-",51,"-",114
"green mango",64.7,57.1,3,1902,388,-12,0.74,0.5,1.36,124,204,8,10,1,1,0,0,0,0,0,0,0,9,1,0,0,0,0,122.5,4,1.2,107,15,"-","-","-","-",131,"-",237
"strawberry powder organic",57,65,35,2468,844,17,1.21,0.95,1.55,166,342,11,1,1,1,0,0,0,0,0,0,0,18,1,0,0,157,3,130.3,4,1.2,233,"-",84,"-","-",2,"-","-",202
"mango dried fruit",,,15,135,406,7,1.05,0.84,1.73,117,3000,8,1,1,1,1,0,0,0,0,0,0,17,2,271,1,0,0,130.8,5,1.2,203,8,"-",228,"-","-",85,"-",130
"dried mango snack packs",46.7,46.2,1,341,341,112,,,,74,1000,8,0,1,1,0,0,0,0,0,0,0,2,1,0,0,0,0,132.4,5,1.2,168,10,"-",180,"-","-",8,"-",296
"dried mango individual packs",61,41.7,18,1418,461,19,1.48,0.99,1.87,139,325,8,0,1,1,1,0,0,0,0,0,0,31,3,417,1,0,0,136.6,5,1.2,233,13,"-",213,"-","-",4,"-",220
"fruit chip",,,"-",15,119,-25,,,,201,8000,8,0,1,1,1,0,0,0,0,0,0,21,2,424,1,116,4,136.6,5,1.2,23,13,305,256,86,"-","-","-","-"
"banana chip",26.2,15,18,927,429,-6,1.43,0.99,1.65,95,463,8,0,1,1,1,0,0,0,0,0,0,2,1,243,1,202,3,137.5,4,1.2,40,6,"-","-",206,"-","-","-",298
"freeze dried food 10 can clearance",,,"-",403,205,67,0.88,0.49,1.05,67,509,8,0,1,0,0,0,0,1,0,0,0,0,0,0,0,17,2,148,5,1.2,151,"-",203,183,"-","-","-",191,12
"freeze dried powder",,,4,135,270,-9,1.46,1.15,1.83,152,2000,8,2,1,0,1,0,0,1,0,0,0,0,0,121,2,87,2,155.3,4,1.2,240,"-",172,"-","-",2,"-",207,"-"
"organic raspberry powder",53.2,63.6,8,982,378,-10,1.4,0.96,1.75,97,385,8,4,1,0,0,0,0,0,0,0,0,0,0,0,0,182,4,155.5,4,1.2,156,"-",167,"-","-",10,"-","-",289
"berry powder organic",,,"-",92,277,33,,,,103,3000,8,0,1,0,1,0,0,0,0,0,0,0,0,46,1,207,3,99,2,0.8,"-","-",192,"-","-",6,"-","-","-"
"organic strawberry powder",61.8,52.5,36,2186,1290,-1,1.33,0.95,1.79,185,590,27,5,1,1,1,0,0,0,0,0,0,2,1,13,1,84,3,102.3,3,0.8,241,"-",64,"-","-",2,"-","-","-"
"mango bites",66.1,71,19,713,473,-3,0.66,0.48,0.85,184,663,8,2,1,1,0,0,0,1,0,0,0,10,3,0,0,0,0,104.3,3,0.8,226,73,"-","-","-","-",14,"-","-"
"strawberry powder",42.6,38.6,247,2839,5678,1,1,0.7,1.21,222,2000,41,32,1,1,1,0,0,0,0,0,0,20,1,146,3,68,2,110.7,3,0.8,"-","-",104,"-","-",5,"-",223,"-"
"fruit powder",26.2,20,35,81,1611,-2,1.25,0.82,1.59,317,20000,32,17,1,0,1,0,0,0,0,0,0,0,0,224,2,124,2,137.5,2,0.8,"-","-",272,"-","-",3,"-","-","-"
"freeze dried usa",,,"-",98,293,15,0.65,0.49,0.87,202,3000,8,1,1,1,0,0,0,1,0,0,0,13,3,0,0,1,1,144,2,0.8,"-","-","-","-","-","-","-",277,11
"fruit powder organic",,,"-",31,248,-31,1.49,1.15,1.9,143,8000,8,0,1,0,1,0,0,0,0,0,0,0,0,194,1,259,3,146,3,0.8,259,"-",178,"-","-",1,"-","-","-"
"powdered strawberry powder",,,"-",100,300,24,,,,82,3000,8,0,1,0,1,0,0,1,0,0,0,0,0,68,1,299,4,169,3,0.8,"-","-",255,"-","-",1,"-",251,"-"
"dried fruit organic",,,10,36,355,16,1.65,1.09,2.03,182,10000,8,0,1,1,0,0,0,0,0,0,0,7,1,0,0,149,3,194.9,7,0,56,291,14,207,302,201,"-","-",293
"organic dried fruit",20.1,16.7,47,134,1340,-1,1.01,0.69,1.39,278,10000,26,2,1,1,1,0,0,0,0,0,0,10,2,100,3,239,6,195.8,8,0,131,183,13,294,261,224,190,"-",270